kategori,subkategori,sub_subkategori,tarif_pct,tarif_efektif_pct
Rumah Tangga,,,7.95,7.95
Rumah Tangga,Dekorasi,,10.00,8.00
Rumah Tangga,Dekorasi,Cover Kipas Angin,5.75,5.75
Rumah Tangga,Dekorasi,Cover Kursi,10.00,8.00
Rumah Tangga,Dekorasi,Hiasan Dinding,10.00,8.00
Rumah Tangga,Dekorasi,Hiasan Natal,10.00,8.00
Rumah Tangga,Dekorasi,Jam Dinding,10.00,8.00
Rumah Tangga,Dekorasi,Jam Meja,10.00,8.00
Rumah Tangga,Dekorasi,Keset,10.00,8.00
Rumah Tangga,Dekorasi,Lampu Pohon Natal,10.00,8.00
Rumah Tangga,Dekorasi,Lilin,10.00,8.00
Rumah Tangga,Dekorasi,Lilin Aroma Terapi,10.00,8.00
Rumah Tangga,Dekorasi,Lukisan,7.50,7.50
Rumah Tangga,Dekorasi,Patung,10.00,8.00
Rumah Tangga,Dekorasi,Pohon Natal,10.00,8.00
Rumah Tangga,Dekorasi,Reed Diffuser,7.50,7.50
Rumah Tangga,Dekorasi,Slinger,10.00,8.00
Rumah Tangga,Dekorasi,Stiker Kaca,10.00,8.00
Rumah Tangga,Dekorasi,Tanaman Artifical,10.00,8.00
Rumah Tangga,Dekorasi,Taplak Meja,10.00,8.00
Rumah Tangga,Dekorasi,Tempat Lilin,10.00,8.00
Rumah Tangga,Dekorasi,Vas Bunga,10.00,8.00
Rumah Tangga,Dekorasi,Wall Sticker,10.00,8.00
Rumah Tangga,Furniture,,10.00,8.00
Rumah Tangga,Furniture,Bedside Table,10.00,8.00
Rumah Tangga,Furniture,Cermin Badan,10.00,8.00
Rumah Tangga,Furniture,Kasur,10.00,8.00
Rumah Tangga,Furniture,Kursi,7.50,7.50
Rumah Tangga,Furniture,Kursi Bar,7.50,7.50
Rumah Tangga,Furniture,Kursi Goyang,7.50,7.50
Rumah Tangga,Furniture,Kursi Kantor,7.50,7.50
Rumah Tangga,Furniture,Kursi Makan,7.50,7.50
Rumah Tangga,Furniture,Kursi Malas,7.50,7.50
Rumah Tangga,Furniture,Lemari Pakaian,10.00,8.00
Rumah Tangga,Furniture,Meja Bar,10.00,8.00
Rumah Tangga,Furniture,Meja Kantor,10.00,8.00
Rumah Tangga,Furniture,Meja Makan,10.00,8.00
Rumah Tangga,Furniture,Meja Rias,10.00,8.00
Rumah Tangga,Furniture,Meja TV,10.00,8.00
Rumah Tangga,Furniture,Meja Tamu,10.00,8.00
Rumah Tangga,Furniture,Pengaman Furniture,10.00,8.00
Rumah Tangga,Furniture,Rak,10.00,8.00
Rumah Tangga,Furniture,Rangka Tempat Tidur,10.00,8.00
Rumah Tangga,Furniture,Sofa,10.00,8.00
Rumah Tangga,Furniture,Sofa Bed,10.00,8.00
Rumah Tangga,Kamar Mandi,,10.00,8.00
Rumah Tangga,Kamar Mandi,Cermin Kamar Mandi,10.00,8.00
Rumah Tangga,Kamar Mandi,Dispenser Odol,7.50,7.50
Rumah Tangga,Kamar Mandi,Ember & Baskom,7.50,7.50
Rumah Tangga,Kamar Mandi,Gantungan Handuk,10.00,8.00
Rumah Tangga,Kamar Mandi,Gayung,7.50,7.50
Rumah Tangga,Kamar Mandi,Handuk Mandi,7.50,7.50
Rumah Tangga,Kamar Mandi,Keset Anti Slip,7.50,7.50
Rumah Tangga,Kamar Mandi,Kimono Mandi,10.00,8.00
Rumah Tangga,Kamar Mandi,Rak Toilet,10.00,8.00
Rumah Tangga,Kamar Mandi,Shower Curtain,7.50,7.50
Rumah Tangga,Kamar Mandi,Tempat Sabun,7.50,7.50
Rumah Tangga,Kamar Mandi,Tempat Sikat Gigi,7.50,7.50
Rumah Tangga,Kamar Mandi,Toilet Cover,7.50,7.50
Rumah Tangga,Kamar Mandi,Toilet Seat Anak,7.50,7.50
Rumah Tangga,Kamar Mandi,Tutup Wastafel,10.00,8.00
Rumah Tangga,Kamar Tidur,,10.00,8.00
Rumah Tangga,Kamar Tidur,Bantal Kepala,10.00,8.00
Rumah Tangga,Kamar Tidur,Guling,10.00,8.00
Rumah Tangga,Kamar Tidur,Jepitan Sprei,10.00,8.00
Rumah Tangga,Kamar Tidur,Kelambu,10.00,8.00
Rumah Tangga,Kamar Tidur,Mattress Cover,10.00,8.00
Rumah Tangga,Kamar Tidur,Sarung Bantal,10.00,8.00
Rumah Tangga,Kamar Tidur,Selimut,10.00,8.00
Rumah Tangga,Kamar Tidur,Sprei & Bed Cover,10.00,8.00
Rumah Tangga,Kebersihan,,10.00,8.00
Rumah Tangga,Kebersihan,Alat Pel,7.50,7.50
Rumah Tangga,Kebersihan,Asbak,10.00,8.00
Rumah Tangga,Kebersihan,Ember & Baskom,7.50,7.50
Rumah Tangga,Kebersihan,High Pressure Cleaner,5.75,5.75
Rumah Tangga,Kebersihan,Kain Lap,7.50,7.50
Rumah Tangga,Kebersihan,Kantong Sampah,7.50,7.50
Rumah Tangga,Kebersihan,Kemoceng,7.50,7.50
Rumah Tangga,Kebersihan,Lainnya,10.00,8.00
Rumah Tangga,Kebersihan,Pengki,10.00,8.00
Rumah Tangga,Kebersihan,Sapu,7.50,7.50
Rumah Tangga,Kebersihan,Sapu Lidi,7.50,7.50
Rumah Tangga,Kebersihan,Sarung Tangan Karet,7.50,7.50
Rumah Tangga,Kebersihan,Selang Air,10.00,8.00
Rumah Tangga,Kebersihan,Sikat,7.50,7.50
Rumah Tangga,Kebersihan,Tempat Sampah,7.50,7.50
Rumah Tangga,Kebutuhan Rumah,,7.50,7.50
Rumah Tangga,Kebutuhan Rumah,Baterai,7.50,7.50
Rumah Tangga,Kebutuhan Rumah,Baterai Jam,7.50,7.50
Rumah Tangga,Kebutuhan Rumah,Humidifier,5.75,5.75
Rumah Tangga,Kebutuhan Rumah,Payung,10.00,8.00
Rumah Tangga,Kebutuhan Rumah,Pembatas Ruangan,10.00,8.00
Rumah Tangga,Kebutuhan Rumah,Penahan Pintu,10.00,8.00
Rumah Tangga,Kebutuhan Rumah,Termometer Ruangan,10.00,8.00
Rumah Tangga,Laundry,,10.00,8.00
Rumah Tangga,Laundry,Alat Pelipat Baju,5.75,5.75
Rumah Tangga,Laundry,Bola Pencuci Baju,10.00,8.00
Rumah Tangga,Laundry,Cover Mesin Cuci,7.50,7.50
Rumah Tangga,Laundry,Gantungan Baju,10.00,8.00
Rumah Tangga,Laundry,Jaring Pakaian Mesin Cuci,10.00,8.00
Rumah Tangga,Laundry,Jemuran Baju,10.00,8.00
Rumah Tangga,Laundry,Jepit Jemuran,10.00,8.00
Rumah Tangga,Laundry,Lainnya,5.75,5.75
Rumah Tangga,Laundry,Laundry Bag,10.00,8.00
Rumah Tangga,Laundry,Meja Setrika,10.00,8.00
Rumah Tangga,Laundry,Papan Cuci Baju,10.00,8.00
Rumah Tangga,Laundry,Roll Pembersih Pakaian,7.50,7.50
Rumah Tangga,Ruang Tamu & Keluarga,,10.00,8.00
Rumah Tangga,Ruang Tamu & Keluarga,Bantal Sofa,10.00,8.00
Rumah Tangga,Ruang Tamu & Keluarga,Bean Bag,10.00,8.00
Rumah Tangga,Ruang Tamu & Keluarga,Cover Sofa,10.00,8.00
Rumah Tangga,Ruang Tamu & Keluarga,Gorden,10.00,8.00
Rumah Tangga,Ruang Tamu & Keluarga,Karpet & Tikar,10.00,8.00
Rumah Tangga,Ruang Tamu & Keluarga,Sarung Bantal Sofa,10.00,8.00
Rumah Tangga,Taman,,10.00,8.00
Rumah Tangga,Taman,Air Sofa,10.00,8.00
Rumah Tangga,Taman,Ayunan,10.00,8.00
Rumah Tangga,Taman,Benih Bibit Tanaman,10.00,8.00
Rumah Tangga,Taman,Garpu Taman,10.00,8.00
Rumah Tangga,Taman,Hiasan Taman,10.00,8.00
Rumah Tangga,Taman,Irigasi,10.00,8.00
Rumah Tangga,Taman,Kursi Pantai,7.50,7.50
Rumah Tangga,Taman,Media Tanam,10.00,8.00
Rumah Tangga,Taman,Pemotong Rumput,10.00,8.00
Rumah Tangga,Taman,Penyiram Tanaman,10.00,8.00
Rumah Tangga,Taman,Pot Tanaman,10.00,8.00
Rumah Tangga,Taman,Pupuk,10.00,8.00
Rumah Tangga,Taman,Sekop Taman,10.00,8.00
Rumah Tangga,Tempat Penyimpanan,,10.00,8.00
Rumah Tangga,Tempat Penyimpanan,Botol,10.00,8.00
Rumah Tangga,Tempat Penyimpanan,Brankas,10.00,8.00
Rumah Tangga,Tempat Penyimpanan,Keranjang,10.00,8.00
Rumah Tangga,Tempat Penyimpanan,Kotak,10.00,8.00
Rumah Tangga,Tempat Penyimpanan,Kotak Baterai,10.00,8.00
Rumah Tangga,Tempat Penyimpanan,Kotak Jam,10.00,8.00
Rumah Tangga,Tempat Penyimpanan,Kotak Karton,10.00,8.00
Rumah Tangga,Tempat Penyimpanan,Kotak Surat,10.00,8.00
Rumah Tangga,Tempat Penyimpanan,Laci,10.00,8.00
Rumah Tangga,Tempat Penyimpanan,Lainnya,10.00,8.00
Rumah Tangga,Tempat Penyimpanan,Stand Hanger,10.00,8.00
Rumah Tangga,Tempat Penyimpanan,Storage Box Multifungsi,10.00,8.00
Rumah Tangga,Tempat Penyimpanan,Tempat Obat,10.00,8.00
Rumah Tangga,Tempat Penyimpanan,Tempat Pakaian,10.00,8.00
Rumah Tangga,Tempat Penyimpanan,Tempat Perhiasan & Aksesoris,10.00,8.00
Rumah Tangga,Tempat Penyimpanan,Tempat Remote,10.00,8.00
Rumah Tangga,Tempat Penyimpanan,Tempat Sepatu & Sandal,10.00,8.00
Rumah Tangga,Tempat Penyimpanan,Tempat Tas,10.00,8.00
Rumah Tangga,Tempat Penyimpanan,Tempat Tissue,10.00,8.00
Rumah Tangga,Travel,,10.00,8.00
Rumah Tangga,Travel,Bantal Leher,10.00,8.00
Rumah Tangga,Travel,Gembok Koper,10.00,8.00
Rumah Tangga,Travel,Koper,10.00,8.00
Rumah Tangga,Travel,Luggage Cover,10.00,8.00
Rumah Tangga,Travel,Luggage Strap,10.00,8.00
Rumah Tangga,Travel,Luggage Tag,10.00,8.00
Rumah Tangga,Travel,Passport Cover,10.00,8.00
Rumah Tangga,Travel,Penutup Mata Tidur,10.00,8.00
Rumah Tangga,Travel,Travel Bag,10.00,8.00
Rumah Tangga,Travel,Travel Organizer,10.00,8.00
Rumah Tangga,Travel,Travel Toiletries Kit,10.00,8.00
Rumah Tangga,Travel,Universal Travel Adaptor,10.00,8.00
"Audio, Kamera & Elektronik Lainnya",,,6.79,6.79
"Audio, Kamera & Elektronik Lainnya",Aksesoris Kamera,,7.46,7.46
"Audio, Kamera & Elektronik Lainnya",Aksesoris Kamera,Baterai & Charger Kamera,5.75,5.75
"Audio, Kamera & Elektronik Lainnya",Aksesoris Kamera,Case Kamera,5.75,5.75
"Audio, Kamera & Elektronik Lainnya",Aksesoris Kamera,Cleaning Tools Kamera,7.50,7.50
"Audio, Kamera & Elektronik Lainnya",Aksesoris Kamera,Dry Box Kamera,7.50,7.50
"Audio, Kamera & Elektronik Lainnya",Aksesoris Kamera,Kabel Konektor Kamera,5.75,5.75
"Audio, Kamera & Elektronik Lainnya",Aksesoris Kamera,Lainnya,5.75,5.75
"Audio, Kamera & Elektronik Lainnya",Aksesoris Kamera,Microphone Kamera,5.75,5.75
"Audio, Kamera & Elektronik Lainnya",Aksesoris Kamera,Monopod Kamera,5.75,5.75
"Audio, Kamera & Elektronik Lainnya",Aksesoris Kamera,Remote Wireless Kamera,5.75,5.75
"Audio, Kamera & Elektronik Lainnya",Aksesoris Kamera,Silica Gel Kamera,5.75,5.75
"Audio, Kamera & Elektronik Lainnya",Aksesoris Kamera,Stabilizer Kamera,5.75,5.75
"Audio, Kamera & Elektronik Lainnya",Aksesoris Kamera,Strap Kamera,5.75,5.75
"Audio, Kamera & Elektronik Lainnya",Aksesoris Kamera,Tas Kamera,5.75,5.75
"Audio, Kamera & Elektronik Lainnya",Aksesoris Kamera,Tripod Kamera,5.75,5.75
"Audio, Kamera & Elektronik Lainnya",Audio,,7.24,7.24
"Audio, Kamera & Elektronik Lainnya",Audio,Amplifier,7.50,7.50
"Audio, Kamera & Elektronik Lainnya",Audio,Earphone,5.75,5.75
"Audio, Kamera & Elektronik Lainnya",Audio,Headphone,5.75,5.75
"Audio, Kamera & Elektronik Lainnya",Audio,Kabel & Konektor Audio,7.50,7.50
"Audio, Kamera & Elektronik Lainnya",Audio,Sound System,7.50,7.50
"Audio, Kamera & Elektronik Lainnya",Audio,Speaker,7.50,7.50
"Audio, Kamera & Elektronik Lainnya",Audio,TWS,5.75,5.75
"Audio, Kamera & Elektronik Lainnya",Audio,Voice Recorder,7.50,7.50
"Audio, Kamera & Elektronik Lainnya","Frame, Album & Roll Film",,7.50,7.50
"Audio, Kamera & Elektronik Lainnya","Frame, Album & Roll Film",Album Foto,7.50,7.50
"Audio, Kamera & Elektronik Lainnya","Frame, Album & Roll Film",DVs,5.75,5.75
"Audio, Kamera & Elektronik Lainnya","Frame, Album & Roll Film",Frame Digital,7.50,7.50
"Audio, Kamera & Elektronik Lainnya","Frame, Album & Roll Film",Frame Foto,7.50,7.50
"Audio, Kamera & Elektronik Lainnya","Frame, Album & Roll Film",Roll Film,7.50,7.50
"Audio, Kamera & Elektronik Lainnya",Kamera Analog,,5.75,5.75
"Audio, Kamera & Elektronik Lainnya",Kamera Analog,Disposable Camera,7.50,7.50
"Audio, Kamera & Elektronik Lainnya",Kamera Analog,Kamera Film,7.50,7.50
"Audio, Kamera & Elektronik Lainnya",Kamera Digital,,5.75,5.75
"Audio, Kamera & Elektronik Lainnya",Kamera Digital,Action Camera,5.75,5.75
"Audio, Kamera & Elektronik Lainnya",Kamera Digital,Kamera 360,5.75,5.75
"Audio, Kamera & Elektronik Lainnya",Kamera Digital,Kamera DSLR,5.75,5.75
"Audio, Kamera & Elektronik Lainnya",Kamera Digital,Kamera Mirrorless,5.75,5.75
"Audio, Kamera & Elektronik Lainnya",Kamera Digital,Kamera Pocket,5.75,5.75
"Audio, Kamera & Elektronik Lainnya",Kamera Instan,,6.01,6.01
"Audio, Kamera & Elektronik Lainnya",Kamera Instan,Perangkat Kamera Instan,5.75,5.75
"Audio, Kamera & Elektronik Lainnya",Kamera Instan,Printer Foto Instan,5.75,5.75
"Audio, Kamera & Elektronik Lainnya",Kamera Instan,Refilll Kamera Instan,7.50,7.50
"Audio, Kamera & Elektronik Lainnya",Kamera Pengintai,,7.27,7.27
"Audio, Kamera & Elektronik Lainnya",Kamera Pengintai,DVR,5.75,5.75
"Audio, Kamera & Elektronik Lainnya",Kamera Pengintai,Fake Camera,5.75,5.75
"Audio, Kamera & Elektronik Lainnya",Kamera Pengintai,IP Camera,5.75,5.75
"Audio, Kamera & Elektronik Lainnya",Kamera Pengintai,Kabel CCTV,5.75,5.75
"Audio, Kamera & Elektronik Lainnya",Kamera Pengintai,Kamera CCTV,5.75,5.75
"Audio, Kamera & Elektronik Lainnya",Kamera Pengintai,Spy Camera,5.75,5.75
"Audio, Kamera & Elektronik Lainnya",Lensa & Aksesoris,,5.75,5.75
"Audio, Kamera & Elektronik Lainnya",Lensa & Aksesoris,Aksesoris Lensa,5.75,5.75
"Audio, Kamera & Elektronik Lainnya",Lensa & Aksesoris,Lensa Kamera,5.75,5.75
"Audio, Kamera & Elektronik Lainnya",Lighting & Studio,,6.20,6.20
"Audio, Kamera & Elektronik Lainnya",Lighting & Studio,Backdrop,5.75,5.75
"Audio, Kamera & Elektronik Lainnya",Lighting & Studio,Flash Diffuser,5.75,5.75
"Audio, Kamera & Elektronik Lainnya",Lighting & Studio,Flash Kamera,5.75,5.75
"Audio, Kamera & Elektronik Lainnya",Lighting & Studio,Flash Trigger,5.75,5.75
"Audio, Kamera & Elektronik Lainnya",Lighting & Studio,Hot Shoe Kamera,5.75,5.75
"Audio, Kamera & Elektronik Lainnya",Lighting & Studio,Reflektor,5.75,5.75
"Audio, Kamera & Elektronik Lainnya",Lighting & Studio,Ring Light,5.75,5.75
"Audio, Kamera & Elektronik Lainnya",Lighting & Studio,Softbox,5.75,5.75
"Audio, Kamera & Elektronik Lainnya",Lighting & Studio,Studio Lighting,5.75,5.75
"Audio, Kamera & Elektronik Lainnya",Media Player,,7.50,7.50
"Audio, Kamera & Elektronik Lainnya",Media Player,Blu Ray Player,7.50,7.50
"Audio, Kamera & Elektronik Lainnya",Media Player,DVD Player,7.50,7.50
"Audio, Kamera & Elektronik Lainnya",Media Player,MP3 & MP4 Player,7.50,7.50
"Audio, Kamera & Elektronik Lainnya",Media Player,Radio & Tape Player,7.50,7.50
"Audio, Kamera & Elektronik Lainnya",Perangkat Elektronik Lainnya,,7.50,7.50
"Audio, Kamera & Elektronik Lainnya",Perangkat Elektronik Lainnya,Lainnya,7.50,7.50
"Audio, Kamera & Elektronik Lainnya",Remote Control Drone,,5.75,5.75
"Audio, Kamera & Elektronik Lainnya",Remote Control Drone,Aksesoris Drone,5.75,5.75
"Audio, Kamera & Elektronik Lainnya",Remote Control Drone,Drone Kamera,5.75,5.75
"Audio, Kamera & Elektronik Lainnya",Remote Control Drone,Drone Remote Control,5.75,5.75
"Audio, Kamera & Elektronik Lainnya",Vaporizer,,7.50,7.50
"Audio, Kamera & Elektronik Lainnya",Vaporizer,Atomizer Vape,7.50,7.50
"Audio, Kamera & Elektronik Lainnya",Vaporizer,Casing Vape,7.50,7.50
"Audio, Kamera & Elektronik Lainnya",Vaporizer,Charger Vape,7.50,7.50
"Audio, Kamera & Elektronik Lainnya",Vaporizer,Coil Vape,7.50,7.50
"Audio, Kamera & Elektronik Lainnya",Vaporizer,E-Cigarettes,7.50,7.50
"Audio, Kamera & Elektronik Lainnya",Vaporizer,Hiasan Vape,7.50,7.50
"Audio, Kamera & Elektronik Lainnya",Vaporizer,Kapas Vape,7.50,7.50
"Audio, Kamera & Elektronik Lainnya",Vaporizer,Liquid Vape,7.50,7.50
"Audio, Kamera & Elektronik Lainnya",Vaporizer,MOD & POD Vape,7.50,7.50
"Audio, Kamera & Elektronik Lainnya",Vaporizer,Paket Vaporizer,7.50,7.50
"Audio, Kamera & Elektronik Lainnya",Vaporizer,Tool & Kit Vape,7.50,7.50
"Audio, Kamera & Elektronik Lainnya",Video,,5.75,5.75
"Audio, Kamera & Elektronik Lainnya",Video,Camcorder,5.75,5.75
Buku,,,10.00,8.00
Buku,Buku Arsitektur & Desain,,10.00,8.00
Buku,Buku Arsitektur & Desain,Buku Bangunan,10.00,8.00
Buku,Buku Arsitektur & Desain,Buku Codes & Standars,10.00,8.00
Buku,Buku Arsitektur & Desain,Buku Dekorasi & Ornamen,10.00,8.00
Buku,Buku Arsitektur & Desain,Buku Desain Dapur,10.00,8.00
Buku,Buku Arsitektur & Desain,Buku Desain Kamar,10.00,8.00
Buku,Buku Arsitektur & Desain,Buku Desain Ruang Keluarga,10.00,8.00
Buku,Buku Arsitektur & Desain,Buku Desain Ruang Tamu,10.00,8.00
Buku,Buku Arsitektur & Desain,Buku Desain Rumah,10.00,8.00
Buku,Buku Arsitektur & Desain,Buku Interior & Eksterior,10.00,8.00
Buku,Buku Arsitektur & Desain,Buku Metode & Material Bangunan,10.00,8.00
Buku,Buku Arsitektur & Desain,Buku Taman,10.00,8.00
Buku,Buku Ekonomi & Bisnis,,0.00,0.00
Buku,Buku Ekonomi & Bisnis,Buku Akuntansi,10.00,8.00
Buku,Buku Ekonomi & Bisnis,Buku Bisnis,10.00,8.00
Buku,Buku Ekonomi & Bisnis,Buku Ekonomi,10.00,8.00
Buku,Buku Ekonomi & Bisnis,Buku Kesekretariatan,10.00,8.00
Buku,Buku Ekonomi & Bisnis,Buku Manajemen,10.00,8.00
Buku,Buku Ekonomi & Bisnis,Buku Pariwisata,10.00,8.00
Buku,Buku Ekonomi & Bisnis,Buku Perbankan,10.00,8.00
Buku,Buku Ekonomi & Bisnis,Buku Perhotelan,10.00,8.00
Buku,Buku Ekonomi & Bisnis,Buku Perpajakan,10.00,8.00
Buku,Buku Ekonomi & Bisnis,Buku Statistik,10.00,8.00
Buku,Buku Ekonomi & Bisnis,Buku Usaha Kecil & Kewirausahaan,10.00,8.00
Buku,Buku Hobi,,0.00,0.00
Buku,Buku Hobi,Buku Alam,10.00,8.00
Buku,Buku Hobi,Buku Fotografi,10.00,8.00
Buku,Buku Hobi,Buku Hewan Peliharaan,10.00,8.00
Buku,Buku Hobi,Buku Hiburan,10.00,8.00
Buku,Buku Hobi,Buku Humor,10.00,8.00
Buku,Buku Hobi,Buku Keterampilan,10.00,8.00
Buku,Buku Hobi,Buku Kuliner,10.00,8.00
Buku,Buku Hobi,Buku Musik & Lagu,10.00,8.00
Buku,Buku Hobi,Buku Olahraga,10.00,8.00
Buku,Buku Hobi,Buku Otomotif,10.00,8.00
Buku,Buku Hobi,Buku Permainan,10.00,8.00
Buku,Buku Hobi,Buku Seni,10.00,8.00
Buku,Buku Hobi,Buku Tanaman,10.00,8.00
Buku,Buku Hobi,Buku Travel,10.00,8.00
Buku,Buku Hukum,,0.00,0.00
Buku,Buku Hukum,Buku Gender & Hukum,10.00,8.00
Buku,Buku Hukum,Buku Hukum Dagang,10.00,8.00
Buku,Buku Hukum,Buku Hukum Internasional,10.00,8.00
Buku,Buku Hukum,Buku Hukum Perdata,10.00,8.00
Buku,Buku Hukum,Buku Hukum Pidana,10.00,8.00
Buku,Buku Hukum,Buku Kemanusiaan,10.00,8.00
Buku,Buku Hukum,Buku Politik & Hukum,10.00,8.00
Buku,Buku Hukum,Kumpulan Peraturan Perundang-Undangan,10.00,8.00
Buku,Buku Hukum,UUD 1945,10.00,8.00
Buku,Buku Import,,0.00,0.00
Buku,Buku Import,Agriculture Book Import,10.00,8.00
Buku,Buku Import,Art & Novel Import,10.00,8.00
Buku,Buku Import,Child & Teenager Book Import,10.00,8.00
Buku,Buku Import,Computer Book Import,10.00,8.00
Buku,Buku Import,Economy Book Import,10.00,8.00
Buku,Buku Import,Feminity Book Import,10.00,8.00
Buku,Buku Import,Health Book Import,10.00,8.00
Buku,Buku Import,Hobby & Interest Book Import,10.00,8.00
Buku,Buku Import,Language Book Import,10.00,8.00
Buku,Buku Import,Law Book Import,10.00,8.00
Buku,Buku Import,Management & Business Book Import,10.00,8.00
Buku,Buku Import,Medical Book Import,10.00,8.00
Buku,Buku Import,Political Social Book Import,10.00,8.00
Buku,Buku Import,Psychology & Education Book Import,10.00,8.00
Buku,Buku Import,Reference & Dictionary Book Import,10.00,8.00
Buku,Buku Import,Religion & Philosophy Book Import,10.00,8.00
Buku,Buku Import,School Book Import,10.00,8.00
Buku,Buku Import,Secretarial Book Import,10.00,8.00
Buku,Buku Import,Self Development Book Import,10.00,8.00
Buku,Buku Import,Technique Book Import,10.00,8.00
Buku,Buku Import,Tourism & Map Book Import,10.00,8.00
Buku,Buku Kedokteran,,0.00,0.00
Buku,Buku Kedokteran,Buku Farmasi,10.00,8.00
Buku,Buku Kedokteran,Buku Kedokteran Spesialis,10.00,8.00
Buku,Buku Kedokteran,Buku Kedokteran Umum,10.00,8.00
Buku,Buku Kedokteran,Buku Psikiatri,10.00,8.00
Buku,Buku Kedokteran,Kamus Istilah Kedokteran,10.00,8.00
Buku,Buku Keluarga,,0.00,0.00
Buku,Buku Keluarga,Buku Bimbingan Orang Tua,10.00,8.00
Buku,Buku Keluarga,Buku Nama-nama Bayi,10.00,8.00
Buku,Buku Keluarga,Buku Pendidikan Keluarga,10.00,8.00
Buku,Buku Kesehatan & Gaya Hidup,,0.00,0.00
Buku,Buku Kesehatan & Gaya Hidup,Buku Diet,10.00,8.00
Buku,Buku Kesehatan & Gaya Hidup,Buku Gizi & Nutrisi,10.00,8.00
Buku,Buku Kesehatan & Gaya Hidup,Buku Kesehatan Anak,10.00,8.00
Buku,Buku Kesehatan & Gaya Hidup,Buku Kesehatan Masyarakat,10.00,8.00
Buku,Buku Kesehatan & Gaya Hidup,Buku Kesehatan Pria,10.00,8.00
Buku,Buku Kesehatan & Gaya Hidup,Buku Latihan & Kebugaran,10.00,8.00
Buku,Buku Kesehatan & Gaya Hidup,Buku Pengobatan Alternatif,10.00,8.00
Buku,Buku Kesehatan & Gaya Hidup,Buku Sports & Adventure,10.00,8.00
Buku,Buku Kewanitaan,,0.00,0.00
Buku,Buku Kewanitaan,Buku Busana,10.00,8.00
Buku,Buku Kewanitaan,Buku Kecantikan,10.00,8.00
Buku,Buku Kewanitaan,Buku Kehamilan & Menyusui,10.00,8.00
Buku,Buku Komputer & Internet,,0.00,0.00
Buku,Buku Komputer & Internet,Buku Database,10.00,8.00
Buku,Buku Komputer & Internet,Buku Design Graphics,10.00,8.00
Buku,Buku Komputer & Internet,Buku Hardware,10.00,8.00
Buku,Buku Komputer & Internet,Buku Internet & Web,10.00,8.00
Buku,Buku Komputer & Internet,Buku Media Sosial,10.00,8.00
Buku,Buku Komputer & Internet,Buku Microsoft Office,10.00,8.00
Buku,Buku Komputer & Internet,Buku Mobile & Gadget,10.00,8.00
Buku,Buku Komputer & Internet,Buku Programming,10.00,8.00
Buku,Buku Komputer & Internet,Buku Sistem Operasi,10.00,8.00
Buku,Buku Masakan,,0.00,0.00
Buku,Buku Masakan,Buku Resep Kue,10.00,8.00
Buku,Buku Masakan,Buku Resep Makanan Bayi & Balita,10.00,8.00
Buku,Buku Masakan,Buku Resep Makanan Diet,10.00,8.00
Buku,Buku Masakan,Buku Resep Masakan,10.00,8.00
Buku,Buku Masakan,Buku Resep Minuman & Dessert,10.00,8.00
Buku,Buku Masakan,Buku Resep Pastry,10.00,8.00
Buku,Buku Pendidikan,,0.00,0.00
Buku,Buku Pendidikan,Buku Atlas,10.00,8.00
Buku,Buku Pendidikan,Buku Bimbingan Belajar,10.00,8.00
Buku,Buku Pendidikan,Buku SD Kelas 1,10.00,8.00
Buku,Buku Pendidikan,Buku SD Kelas 2,10.00,8.00
Buku,Buku Pendidikan,Buku SD Kelas 3,10.00,8.00
Buku,Buku Pendidikan,Buku SD Kelas 4,10.00,8.00
Buku,Buku Pendidikan,Buku SD Kelas 5,10.00,8.00
Buku,Buku Pendidikan,Buku SD Kelas 6,10.00,8.00
Buku,Buku Pendidikan,Buku SMA Kelas 1,10.00,8.00
Buku,Buku Pendidikan,Buku SMA Kelas 2,10.00,8.00
Buku,Buku Pendidikan,Buku SMA Kelas 3,10.00,8.00
Buku,Buku Pendidikan,Buku SMP Kelas 1,10.00,8.00
Buku,Buku Pendidikan,Buku SMP Kelas 2,10.00,8.00
Buku,Buku Pendidikan,Buku SMP Kelas 3,10.00,8.00
Buku,Buku Pendidikan,Buku Saku Pramuka,10.00,8.00
Buku,Buku Pendidikan,Ensiklopedia,10.00,8.00
Buku,Buku Pendidikan,Kumpulan Soal SD,10.00,8.00
Buku,Buku Pendidikan,Kumpulan Soal SMA,10.00,8.00
Buku,Buku Pendidikan,Kumpulan Soal SMP,10.00,8.00
Buku,Buku Pengembangan Diri & Karir,,0.00,0.00
Buku,Buku Pengembangan Diri & Karir,Buku Kesuksesan,10.00,8.00
Buku,Buku Pengembangan Diri & Karir,Buku Leadership Kepemimpinan,10.00,8.00
Buku,Buku Pengembangan Diri & Karir,Buku Self Improvement & Development,10.00,8.00
Buku,Buku Persiapan Ujian,,0.00,0.00
Buku,Buku Persiapan Ujian,Buku Persiapan TPA & Psikotest,10.00,8.00
Buku,Buku Persiapan Ujian,Buku Persiapan Tes CPNS,10.00,8.00
Buku,Buku Persiapan Ujian,Buku Persiapan Tes TOEFL & IELTS,10.00,8.00
Buku,Buku Pertanian,,0.00,0.00
Buku,Buku Pertanian,Buku Agribisnis,10.00,8.00
Buku,Buku Pertanian,Buku Bioteknologi Pertanian,10.00,8.00
Buku,Buku Pertanian,Buku Pengembangan Pertanian,10.00,8.00
Buku,Buku Pertanian,Buku Peternakan,10.00,8.00
Buku,Buku Pertanian,Buku Tanaman & Kebun,10.00,8.00
Buku,Buku Religi & Spiritual,,0.00,0.00
Buku,Buku Religi & Spiritual,Al-Quran,10.00,8.00
Buku,Buku Religi & Spiritual,Alkitab,10.00,8.00
Buku,Buku Religi & Spiritual,Buku Agama Buddha,10.00,8.00
Buku,Buku Religi & Spiritual,Buku Agama Hindu,10.00,8.00
Buku,Buku Religi & Spiritual,Buku Agama Islam,10.00,8.00
Buku,Buku Religi & Spiritual,Buku Agama Katolik,10.00,8.00
Buku,Buku Religi & Spiritual,Buku Agama Khong Hu Chu,10.00,8.00
Buku,Buku Religi & Spiritual,Buku Agama Kristen,10.00,8.00
Buku,Buku Religi & Spiritual,Buku Filosofi,10.00,8.00
Buku,Buku Religi & Spiritual,Buku Filsafat,10.00,8.00
Buku,Buku Religi & Spiritual,Buku Kepercayaan,10.00,8.00
Buku,Buku Religi & Spiritual,Buku Spiritual,10.00,8.00
Buku,Buku Remaja dan Anak,,0.00,0.00
Buku,Buku Remaja dan Anak,Buku Aktivitas,10.00,8.00
Buku,Buku Remaja dan Anak,Buku Cerita Anak,10.00,8.00
Buku,Buku Remaja dan Anak,Buku Dongeng,10.00,8.00
Buku,Buku Remaja dan Anak,Buku Dunia Pengetahuan,10.00,8.00
Buku,Buku Remaja dan Anak,Buku Fabel,10.00,8.00
Buku,Buku Remaja dan Anak,Buku Islami Anak,10.00,8.00
Buku,Buku Remaja dan Anak,Buku Keterampilan Anak,10.00,8.00
Buku,Buku Remaja dan Anak,Buku Mewarnai,10.00,8.00
Buku,Buku Sosial Politik,,0.00,0.00
Buku,Buku Sosial Politik,Buku Autobiografi,10.00,8.00
Buku,Buku Sosial Politik,Buku Biografi,10.00,8.00
Buku,Buku Sosial Politik,Buku Ilmu Media Komunikasi,10.00,8.00
Buku,Buku Sosial Politik,Buku Jurnalisme,10.00,8.00
Buku,Buku Sosial Politik,Buku Komunikasi,10.00,8.00
Buku,Buku Sosial Politik,Buku Lingkungan Hidup,10.00,8.00
Buku,Buku Sosial Politik,Buku Politik,10.00,8.00
Buku,Buku Sosial Politik,Buku Sejarah,10.00,8.00
Buku,Buku Sosial Politik,Buku Sosial Budaya,10.00,8.00
Buku,Buku Teknik & Sains,,0.00,0.00
Buku,Buku Teknik & Sains,Buku Astronomi & Luar Angkasa,10.00,8.00
Buku,Buku Teknik & Sains,Buku Biologi,10.00,8.00
Buku,Buku Teknik & Sains,Buku Elektro,10.00,8.00
Buku,Buku Teknik & Sains,Buku Engineering,10.00,8.00
Buku,Buku Teknik & Sains,Buku Fisika,10.00,8.00
Buku,Buku Teknik & Sains,Buku Geografi,10.00,8.00
Buku,Buku Teknik & Sains,Buku Geologi,10.00,8.00
Buku,Buku Teknik & Sains,Buku Ilmiah,10.00,8.00
Buku,Buku Teknik & Sains,Buku Kimia,10.00,8.00
Buku,Buku Teknik & Sains,Buku Robotika,10.00,8.00
Buku,Buku Teknik & Sains,Buku Sipil,10.00,8.00
Buku,Kamus & Bahasa Asing,,0.00,0.00
Buku,Kamus & Bahasa Asing,Bahasa Arab,10.00,8.00
Buku,Kamus & Bahasa Asing,Bahasa Indonesia,10.00,8.00
Buku,Kamus & Bahasa Asing,Bahasa Inggris,10.00,8.00
Buku,Kamus & Bahasa Asing,Bahasa Jawa,10.00,8.00
Buku,Kamus & Bahasa Asing,Bahasa Jepang,10.00,8.00
Buku,Kamus & Bahasa Asing,Bahasa Jerman,10.00,8.00
Buku,Kamus & Bahasa Asing,Bahasa Korea,10.00,8.00
Buku,Kamus & Bahasa Asing,Bahasa Mandarin,10.00,8.00
Buku,Kamus & Bahasa Asing,Bahasa Perancis,10.00,8.00
Buku,Kamus & Bahasa Asing,Basa Sunda,10.00,8.00
Buku,Kamus & Bahasa Asing,Kamus Bahasa Lainnya,10.00,8.00
Buku,Komik,,0.00,0.00
Buku,Komik,Komik Anak,10.00,8.00
Buku,Komik,Komik Asing,10.00,8.00
Buku,Komik,Komik Dewasa,10.00,8.00
Buku,Komik,Komik Islami,10.00,8.00
Buku,Komik,Komik Langka,10.00,8.00
Buku,Komik,Komik Manga,10.00,8.00
Buku,Majalah,,0.00,0.00
Buku,Majalah,Buku Katalog,10.00,8.00
Buku,Majalah,Koran,10.00,8.00
Buku,Majalah,Majalah Anak,10.00,8.00
Buku,Majalah,Majalah Desain,10.00,8.00
Buku,Majalah,Majalah Design Interior,10.00,8.00
Buku,Majalah,Majalah Fashion,10.00,8.00
Buku,Majalah,Majalah Musik,10.00,8.00
Buku,Majalah,Majalah Olahraga,10.00,8.00
Buku,Majalah,Majalah Otomotif,10.00,8.00
Buku,Majalah,"Majalah Politik, Ekonomi, dan Bisnis",10.00,8.00
Buku,Novel & Sastra,,0.00,0.00
Buku,Novel & Sastra,Buku Fantasi,10.00,8.00
Buku,Novel & Sastra,Buku Kisah Nyata,10.00,8.00
Buku,Novel & Sastra,Buku Misteri,10.00,8.00
Buku,Novel & Sastra,Buku Roman,10.00,8.00
Buku,Novel & Sastra,Fiksi Puisi,10.00,8.00
Buku,Novel & Sastra,Kritik Sastra,10.00,8.00
Buku,Novel & Sastra,Literatur Fiksi,10.00,8.00
Buku,Novel & Sastra,Naskah,10.00,8.00
Buku,Novel & Sastra,Novel Indonesia,10.00,8.00
Buku,Novel & Sastra,Novel Remaja,10.00,8.00
Buku,Novel & Sastra,Novel Terjemahan,10.00,8.00
Buku,Novel & Sastra,Puisi,10.00,8.00
Dapur,,,5.75,5.75
Dapur,Aksesoris Dapur,,5.75,5.75
Dapur,Aksesoris Dapur,Alat Pemotong Serbaguna,10.00,8.00
Dapur,Aksesoris Dapur,Capit Makanan,10.00,8.00
Dapur,Aksesoris Dapur,Celemek,7.50,7.50
Dapur,Aksesoris Dapur,Chopper,10.00,8.00
Dapur,Aksesoris Dapur,Grinder,5.75,5.75
Dapur,Aksesoris Dapur,Gunting Dapur,10.00,8.00
Dapur,Aksesoris Dapur,Korek Kompor,10.00,8.00
Dapur,Aksesoris Dapur,Magnet Kulkas,10.00,8.00
Dapur,Aksesoris Dapur,Parutan,10.00,8.00
Dapur,Aksesoris Dapur,Peeler,10.00,8.00
Dapur,Aksesoris Dapur,Pelindung Tangan,7.50,7.50
Dapur,Aksesoris Dapur,Pengasah Pisau,10.00,8.00
Dapur,Aksesoris Dapur,Pisau Dapur,10.00,8.00
Dapur,Aksesoris Dapur,Pisau Set,10.00,8.00
Dapur,Aksesoris Dapur,Talenan,10.00,8.00
Dapur,Aksesoris Dapur,Tatakan Gas,10.00,8.00
Dapur,Aksesoris Dapur,Termometer Makanan & Minuman,10.00,8.00
Dapur,Aksesoris Dapur,Timer Masak,10.00,8.00
Dapur,Alat Masak Khusus,,5.75,5.75
Dapur,Alat Masak Khusus,Chocolate Melter,5.75,5.75
Dapur,Alat Masak Khusus,Coffee & Tea Maker,10.00,8.00
Dapur,Alat Masak Khusus,Cotton Candy Maker,5.75,5.75
Dapur,Alat Masak Khusus,Donut Maker,5.75,5.75
Dapur,Alat Masak Khusus,Ice Cream & Yogurt Maker,5.75,5.75
Dapur,Alat Masak Khusus,Mesin Es Serut,5.75,5.75
Dapur,Alat Masak Khusus,Mesin Sostel,5.75,5.75
Dapur,Alat Masak Khusus,Noodle & Pasta Maker,5.75,5.75
Dapur,Alat Masak Khusus,Pancake Maker,5.75,5.75
Dapur,Alat Masak Khusus,Popcorn Maker,5.75,5.75
Dapur,Alat Masak Khusus,Sushi Maker & Roller,5.75,5.75
Dapur,Alat Masak Khusus,Waffle Maker,5.75,5.75
Dapur,Bekal,,5.75,5.75
Dapur,Bekal,Botol Minum,10.00,8.00
Dapur,Bekal,Cetakan Bento,10.00,8.00
Dapur,Bekal,Cup Bento,10.00,8.00
Dapur,Bekal,Kotak Makan,10.00,8.00
Dapur,Bekal,Lunch Box Set,10.00,8.00
Dapur,Bekal,Partisi Bento,10.00,8.00
Dapur,Bekal,Rantang,10.00,8.00
Dapur,Bekal,Tas Bekal,10.00,8.00
Dapur,Bekal,Tas Botol,10.00,8.00
Dapur,Bekal,Termos Air,10.00,8.00
Dapur,Bekal,Tusuk Bento,10.00,8.00
Dapur,Kemasan Makanan dan Minuman,,5.75,5.75
Dapur,Kemasan Makanan dan Minuman,Aluminium Tray & Cup,10.00,8.00
Dapur,Kemasan Makanan dan Minuman,Bagasse,10.00,8.00
Dapur,Kemasan Makanan dan Minuman,Bento Box,10.00,8.00
Dapur,Kemasan Makanan dan Minuman,Box Kardus Makanan,10.00,8.00
Dapur,Kemasan Makanan dan Minuman,Box Mika,10.00,8.00
Dapur,Kemasan Makanan dan Minuman,Food Pail,10.00,8.00
Dapur,Kemasan Makanan dan Minuman,Food Paper Bag,10.00,8.00
Dapur,Kemasan Makanan dan Minuman,Kemasan Minuman,10.00,8.00
Dapur,Kemasan Makanan dan Minuman,Paper Box,10.00,8.00
Dapur,Kemasan Makanan dan Minuman,Paper Rice Bowl,10.00,8.00
Dapur,Kemasan Makanan dan Minuman,Thinwall,10.00,8.00
Dapur,Penyimpanan Makanan,,5.75,5.75
Dapur,Penyimpanan Makanan,Aluminium Foil,10.00,8.00
Dapur,Penyimpanan Makanan,Box Telur,10.00,8.00
Dapur,Penyimpanan Makanan,Cooler Box,10.00,8.00
Dapur,Penyimpanan Makanan,Food Display,5.75,5.75
Dapur,Penyimpanan Makanan,Food Warmer,4.25,4.25
Dapur,Penyimpanan Makanan,Ice - Rice Bucket,10.00,8.00
Dapur,Penyimpanan Makanan,Plastic Wrap,10.00,8.00
Dapur,Penyimpanan Makanan,Plastik Klip,10.00,8.00
Dapur,Penyimpanan Makanan,Sealer Makanan,5.75,5.75
Dapur,Penyimpanan Makanan,Tempat Buah & Sayur,10.00,8.00
Dapur,Penyimpanan Makanan,Tempat Bumbu,5.75,5.75
Dapur,Penyimpanan Makanan,Tempat Roti,10.00,8.00
Dapur,Penyimpanan Makanan,Tempat Saos & Kecap,10.00,8.00
Dapur,Penyimpanan Makanan,Toples Makanan,10.00,8.00
Dapur,Peralatan Baking,,5.75,5.75
Dapur,Peralatan Baking,Alat Penghias Kue,10.00,8.00
Dapur,Peralatan Baking,Cetakan Kue,10.00,8.00
Dapur,Peralatan Baking,Kertas Baking,10.00,8.00
Dapur,Peralatan Baking,Kocokan Telur,10.00,8.00
Dapur,Peralatan Baking,Kuas Kue,10.00,8.00
Dapur,Peralatan Baking,Loyang Kue,10.00,8.00
Dapur,Peralatan Baking,Pisau Kue,10.00,8.00
Dapur,Peralatan Baking,Tatakan Kue,10.00,8.00
Dapur,Peralatan Dapur,,5.75,5.75
Dapur,Peralatan Dapur,Alat Pembuka Botol,10.00,8.00
Dapur,Peralatan Dapur,Alat Pembuka Kaleng,10.00,8.00
Dapur,Peralatan Dapur,Dispenser Air,5.75,5.75
Dapur,Peralatan Dapur,Pompa Galon,5.75,5.75
Dapur,Peralatan Dapur,Rak Dapur,10.00,8.00
Dapur,Peralatan Dapur,Rak Piring & Gelas,10.00,8.00
Dapur,Peralatan Dapur,Regulator & Penghemat Gas,5.75,5.75
Dapur,Peralatan Dapur,Sarung Galon,10.00,8.00
Dapur,Peralatan Dapur,Sarung Kulkas,7.50,7.50
Dapur,Peralatan Dapur,Timbangan Dapur,10.00,8.00
Dapur,Peralatan Dapur,Water Purifier,5.75,5.75
Dapur,Peralatan Makan & Minum,,5.75,5.75
Dapur,Peralatan Makan & Minum,Cangkir,10.00,8.00
Dapur,Peralatan Makan & Minum,Centong Nasi,10.00,8.00
Dapur,Peralatan Makan & Minum,Gelas & Mug,10.00,8.00
Dapur,Peralatan Makan & Minum,Gelas Wine,10.00,8.00
Dapur,Peralatan Makan & Minum,Mangkok Makan,10.00,8.00
Dapur,Peralatan Makan & Minum,Nampan,10.00,8.00
Dapur,Peralatan Makan & Minum,Peralatan Makan Set,10.00,8.00
Dapur,Peralatan Makan & Minum,Peralatan Minum Set,10.00,8.00
Dapur,Peralatan Makan & Minum,Piring & Mangkok Saji,10.00,8.00
Dapur,Peralatan Makan & Minum,Piring Makan,10.00,8.00
Dapur,Peralatan Makan & Minum,Pitcher Minuman,10.00,8.00
Dapur,Peralatan Makan & Minum,Sedotan,10.00,8.00
Dapur,Peralatan Makan & Minum,Sendok & Garpu Dessert,10.00,8.00
Dapur,Peralatan Makan & Minum,Sendok & Garpu Makan,10.00,8.00
Dapur,Peralatan Makan & Minum,Sendok Bebek,10.00,8.00
Dapur,Peralatan Makan & Minum,Sendok Sayur & Kuah,10.00,8.00
Dapur,Peralatan Makan & Minum,Sumpit,10.00,8.00
Dapur,Peralatan Makan & Minum,Sumpit Makan,10.00,8.00
Dapur,Peralatan Makan & Minum,Tatakan Gelas & Piring,10.00,8.00
Dapur,Peralatan Makan & Minum,Tempat Sendok & Garpu,10.00,8.00
Dapur,Peralatan Makan & Minum,Tudung Saji,10.00,8.00
Dapur,Peralatan Makan & Minum,Tutup Gelas & Piring,10.00,8.00
Dapur,Peralatan Masak,,5.75,5.75
Dapur,Peralatan Masak,"Cetakan Es, Puding, Coklat",10.00,8.00
Dapur,Peralatan Masak,Cobek,5.75,5.75
Dapur,Peralatan Masak,Deep Fryer,5.75,5.75
Dapur,Peralatan Masak,Gelas Takar,10.00,8.00
Dapur,Peralatan Masak,Gilingan Daging,5.75,5.75
Dapur,Peralatan Masak,Griller,5.75,5.75
Dapur,Peralatan Masak,Kompor,5.75,5.75
Dapur,Peralatan Masak,Oven Gas,5.75,5.75
Dapur,Peralatan Masak,Panci,10.00,8.00
Dapur,Peralatan Masak,Presto,5.75,5.75
Dapur,Peralatan Masak,Saringan Masak,10.00,8.00
Dapur,Peralatan Masak,Sendok Takar,10.00,8.00
Dapur,Peralatan Masak,Spatula & Sutil,10.00,8.00
Dapur,Peralatan Masak,Steamer,5.75,5.75
Dapur,Peralatan Masak,Teko & Pemanas Air,10.00,8.00
Dapur,Peralatan Masak,Wajan,10.00,8.00
Dapur,Perlengkapan Cuci Piring,,5.75,5.75
Dapur,Perlengkapan Cuci Piring,Dish Dryer,10.00,8.00
Dapur,Perlengkapan Cuci Piring,Sabut,7.50,7.50
Dapur,Perlengkapan Cuci Piring,Saringan Bak Cuci Piring,10.00,8.00
Dapur,Perlengkapan Cuci Piring,Sikat Cuci Botol,7.50,7.50
Dapur,Perlengkapan Cuci Piring,Sponge Cuci Piring,7.50,7.50
Elektronik,,,4.25,4.25
Elektronik,Alat Pendingin Ruangan,,5.75,5.75
Elektronik,Alat Pendingin Ruangan,AC Portable,5.75,5.75
Elektronik,Alat Pendingin Ruangan,AC Reflektor,5.75,5.75
Elektronik,Alat Pendingin Ruangan,AC Standing,5.75,5.75
Elektronik,Alat Pendingin Ruangan,Air Conditioner,5.75,5.75
Elektronik,Alat Pendingin Ruangan,Air Cooler,5.75,5.75
Elektronik,Alat Pendingin Ruangan,Air Purifier,5.75,5.75
Elektronik,Alat Pendingin Ruangan,Diffuser & Humidifier Listrik,5.75,5.75
Elektronik,Alat Pendingin Ruangan,Kipas Angin Listrik,5.75,5.75
Elektronik,Elektronik Dapur,,5.75,5.75
Elektronik,Elektronik Dapur,Blender & Chopper Listrik,5.75,5.75
Elektronik,Elektronik Dapur,Air Fryer,5.75,5.75
Elektronik,Elektronik Dapur,Cooker Hood,5.75,5.75
Elektronik,Elektronik Dapur,Dish Dryer Listrik,5.75,5.75
Elektronik,Elektronik Dapur,Dishwasher,5.75,5.75
Elektronik,Elektronik Dapur,Dispenser Elektrik,5.75,5.75
Elektronik,Elektronik Dapur,Freezer,5.75,5.75
Elektronik,Elektronik Dapur,Juicer,5.75,5.75
Elektronik,Elektronik Dapur,Kompor Listrik,5.75,5.75
Elektronik,Elektronik Dapur,Kulkas,5.75,5.75
Elektronik,Elektronik Dapur,Microwave,5.75,5.75
Elektronik,Elektronik Dapur,Mixer,5.75,5.75
Elektronik,Elektronik Dapur,Multicooker,5.75,5.75
Elektronik,Elektronik Dapur,Oven Listrik,5.75,5.75
Elektronik,Elektronik Dapur,Rice Cooker,5.75,5.75
Elektronik,Elektronik Dapur,Showcase & Chiller,5.75,5.75
Elektronik,Elektronik Dapur,Slow Cooker,5.75,5.75
Elektronik,Elektronik Dapur,Steamer Listrik,5.75,5.75
Elektronik,Elektronik Dapur,Teko Listrik,5.75,5.75
Elektronik,Elektronik Dapur,Toaster & Sandwich Maker List,5.75,5.75
Elektronik,Elektronik Kantor,,4.25,4.25
Elektronik,Elektronik Kantor,Kartu RFID,4.25,4.25
Elektronik,Elektronik Kantor,Mesin Absensi,4.25,4.25
Elektronik,Elektronik Kantor,Mesin Fax,4.25,4.25
Elektronik,Elektronik Kantor,Mesin Fotocopy,4.25,4.25
Elektronik,Elektronik Kantor,Mesin Hitung Uang,4.25,4.25
Elektronik,Elektronik Kantor,Mesin Jilid,4.25,4.25
Elektronik,Elektronik Kantor,Mesin Kasir,4.25,4.25
Elektronik,Elektronik Kantor,Mesin Laminating,4.25,4.25
Elektronik,Elektronik Kantor,Mesin Penghancur Kertas,4.25,4.25
Elektronik,Elektronik Kantor,Reader RFID,4.25,4.25
Elektronik,Elektronik Rumah Tangga,,5.75,5.75
Elektronik,Elektronik Rumah Tangga,Alat Pengering Baju,5.75,5.75
Elektronik,Elektronik Rumah Tangga,Hand Blower,10.00,8.00
Elektronik,Elektronik Rumah Tangga,Mesin Cuci,5.75,5.75
Elektronik,Elektronik Rumah Tangga,Setrika,5.75,5.75
Elektronik,Elektronik Rumah Tangga,Setrika Uap,5.75,5.75
Elektronik,Elektronik Rumah Tangga,Vacuum Cleaners,5.75,5.75
Elektronik,TV & Aksesoris,,5.75,5.75
Elektronik,TV & Aksesoris,Antena TV & Parabola,5.75,5.75
Elektronik,TV & Aksesoris,Bracket TV,5.75,5.75
Elektronik,TV & Aksesoris,Kabel & Konektor,5.75,5.75
Elektronik,TV & Aksesoris,Penguat Sinyal TV,5.75,5.75
Elektronik,TV & Aksesoris,Receiver TV,5.75,5.75
Elektronik,TV & Aksesoris,Remote TV,5.75,5.75
Elektronik,TV & Aksesoris,TV Box,5.75,5.75
Elektronik,TV & Aksesoris,Televisi,5.75,5.75
Elektronik,Telepon,,4.25,4.25
Elektronik,Telepon,Kabel & Konektor Telepon,4.25,4.25
Elektronik,Telepon,Telepon Kabel,4.25,4.25
Elektronik,Telepon,Telepon Satelit,4.25,4.25
Elektronik,Telepon,Telepon Wireless,4.25,4.25
Elektronik,Telepon,Walkie Talkie,4.25,4.25
Fashion Anak & Bayi,,,7.40,7.40
Fashion Anak & Bayi,Aksesoris Anak,,10.00,8.00
Fashion Anak & Bayi,Aksesoris Anak,Bando Bandana Anak,10.00,8.00
Fashion Anak & Bayi,Aksesoris Anak,Beanie Anak,10.00,8.00
Fashion Anak & Bayi,Aksesoris Anak,Dasi Anak,10.00,8.00
Fashion Anak & Bayi,Aksesoris Anak,Ikat Pinggang Anak,10.00,8.00
Fashion Anak & Bayi,Aksesoris Anak,Ikat Rambut Anak,10.00,8.00
Fashion Anak & Bayi,Aksesoris Anak,Jas Hujan Anak,10.00,8.00
Fashion Anak & Bayi,Aksesoris Anak,Jepitan Rambut Anak,10.00,8.00
Fashion Anak & Bayi,Aksesoris Anak,Kacamata Anak,10.00,8.00
Fashion Anak & Bayi,Aksesoris Anak,Kacamata Hitam Anak,10.00,8.00
Fashion Anak & Bayi,Aksesoris Anak,Mahkota Anak,10.00,8.00
Fashion Anak & Bayi,Aksesoris Anak,Payung Anak,10.00,8.00
Fashion Anak & Bayi,Aksesoris Anak,Pita Rambut Anak,10.00,8.00
Fashion Anak & Bayi,Aksesoris Anak,Sarung Tangan Anak,10.00,8.00
Fashion Anak & Bayi,Aksesoris Anak,Suspender Anak,10.00,8.00
Fashion Anak & Bayi,Aksesoris Anak,Syal Anak,10.00,8.00
Fashion Anak & Bayi,Aksesoris Anak,Topi Anak,10.00,8.00
Fashion Anak & Bayi,Aksesoris Bayi,,0.00,0.00
Fashion Anak & Bayi,Aksesoris Bayi,Headband & Bando Bayi,10.00,8.00
Fashion Anak & Bayi,Aksesoris Bayi,Kacamata Jemur Bayi,10.00,8.00
Fashion Anak & Bayi,Aksesoris Bayi,Perhiasan Bayi,4.25,4.25
Fashion Anak & Bayi,Aksesoris Bayi,Topi Bayi,10.00,8.00
Fashion Anak & Bayi,Baju & Sepatu Bayi,,0.00,0.00
Fashion Anak & Bayi,Baju & Sepatu Bayi,Baju Renang Bayi,10.00,8.00
Fashion Anak & Bayi,Baju & Sepatu Bayi,Gurita Bayi,7.50,7.50
Fashion Anak & Bayi,Baju & Sepatu Bayi,Jaket Bayi,10.00,8.00
Fashion Anak & Bayi,Baju & Sepatu Bayi,Jumper Bayi,10.00,8.00
Fashion Anak & Bayi,Baju & Sepatu Bayi,Pakaian Bayi Laki-laki,10.00,8.00
Fashion Anak & Bayi,Baju & Sepatu Bayi,Pakaian Bayi Perempuan,10.00,8.00
Fashion Anak & Bayi,Baju & Sepatu Bayi,Pakaian Bayi Unisex,10.00,8.00
Fashion Anak & Bayi,Baju & Sepatu Bayi,Piyama Bayi,10.00,8.00
Fashion Anak & Bayi,Baju & Sepatu Bayi,Sarung Tangan & Kaos Kaki Bayi,10.00,8.00
Fashion Anak & Bayi,Baju & Sepatu Bayi,Sepatu Bayi,10.00,8.00
Fashion Anak & Bayi,Baju & Sepatu Bayi,Setelan Bayi,10.00,8.00
Fashion Anak & Bayi,Jam Tangan Anak,,0.00,0.00
Fashion Anak & Bayi,Jam Tangan Anak,Jam Tangan Analog Anak,10.00,8.00
Fashion Anak & Bayi,Jam Tangan Anak,Jam Tangan Digital Anak,10.00,8.00
Fashion Anak & Bayi,Jam Tangan Anak,Smart Watch Anak,10.00,8.00
Fashion Anak & Bayi,Kostum Anak,,0.00,0.00
Fashion Anak & Bayi,Kostum Anak,Kostum Duyung Anak,10.00,8.00
Fashion Anak & Bayi,Kostum Anak,Kostum Karakter Anak,10.00,8.00
Fashion Anak & Bayi,Kostum Anak,Kostum Princess Anak,10.00,8.00
Fashion Anak & Bayi,Kostum Anak,Kostum Profesi Anak,10.00,8.00
Fashion Anak & Bayi,Kostum Anak,Kostum Superhero Anak,10.00,8.00
Fashion Anak & Bayi,Pakaian Adat Anak,,0.00,0.00
Fashion Anak & Bayi,Pakaian Adat Anak,Cheong Sam Anak,10.00,8.00
Fashion Anak & Bayi,Pakaian Adat Anak,Hanbok Anak,10.00,8.00
Fashion Anak & Bayi,Pakaian Adat Anak,Kebaya Anak Perempuan,10.00,8.00
Fashion Anak & Bayi,Pakaian Adat Anak,Pakaian Adat Internasional Anak,10.00,8.00
Fashion Anak & Bayi,Pakaian Adat Anak,Pakaian Adat Nasional Anak,10.00,8.00
Fashion Anak & Bayi,Pakaian Anak Laki-Laki,,0.00,0.00
Fashion Anak & Bayi,Pakaian Anak Laki-Laki,Baju Tidur Anak Laki-Laki,10.00,8.00
Fashion Anak & Bayi,Pakaian Anak Laki-Laki,Celana Jeans Anak Laki-Laki,10.00,8.00
Fashion Anak & Bayi,Pakaian Anak Laki-Laki,Celana Jogger Anak Laki Laki,10.00,8.00
Fashion Anak & Bayi,Pakaian Anak Laki-Laki,Celana Panjang Anak Laki-Laki,10.00,8.00
Fashion Anak & Bayi,Pakaian Anak Laki-Laki,Celana Pendek Anak Laki-Laki,10.00,8.00
Fashion Anak & Bayi,Pakaian Anak Laki-Laki,Hoodie Anak Laki-Laki,10.00,8.00
Fashion Anak & Bayi,Pakaian Anak Laki-Laki,Jaket Anak Laki-Laki,10.00,8.00
Fashion Anak & Bayi,Pakaian Anak Laki-Laki,Jas Tuxedo Anak Laki Laki,10.00,8.00
Fashion Anak & Bayi,Pakaian Anak Laki-Laki,Jumpsuit Anak Laki-Laki,10.00,8.00
Fashion Anak & Bayi,Pakaian Anak Laki-Laki,Kaos Anak Laki-Laki,10.00,8.00
Fashion Anak & Bayi,Pakaian Anak Laki-Laki,Kemeja Anak Laki-Laki,10.00,8.00
Fashion Anak & Bayi,Pakaian Anak Laki-Laki,Setelan Anak Laki-Laki,10.00,8.00
Fashion Anak & Bayi,Pakaian Anak Perempuan,,0.00,0.00
Fashion Anak & Bayi,Pakaian Anak Perempuan,Baby Dolls Anak Perempuan,10.00,8.00
Fashion Anak & Bayi,Pakaian Anak Perempuan,Baju Balet Anak Perempuan,10.00,8.00
Fashion Anak & Bayi,Pakaian Anak Perempuan,Baju Tidur Anak Perempuan,10.00,8.00
Fashion Anak & Bayi,Pakaian Anak Perempuan,Blouse Anak Perempuan,10.00,8.00
Fashion Anak & Bayi,Pakaian Anak Perempuan,Bolero Anak Perempuan,10.00,8.00
Fashion Anak & Bayi,Pakaian Anak Perempuan,Cardigan Anak Perempuan,10.00,8.00
Fashion Anak & Bayi,Pakaian Anak Perempuan,Celana Jeans Anak Perempuan,10.00,8.00
Fashion Anak & Bayi,Pakaian Anak Perempuan,Celana Panjang Anak Perempuan,10.00,8.00
Fashion Anak & Bayi,Pakaian Anak Perempuan,Celana Pendek Anak Perempuan,10.00,8.00
Fashion Anak & Bayi,Pakaian Anak Perempuan,Dress Anak Perempuan,10.00,8.00
Fashion Anak & Bayi,Pakaian Anak Perempuan,Hoodie Anak Perempuan,10.00,8.00
Fashion Anak & Bayi,Pakaian Anak Perempuan,Jaket Anak Perempuan,10.00,8.00
Fashion Anak & Bayi,Pakaian Anak Perempuan,Jumpsuit Anak Perempuan,10.00,8.00
Fashion Anak & Bayi,Pakaian Anak Perempuan,Kaos Anak Perempuan,10.00,8.00
Fashion Anak & Bayi,Pakaian Anak Perempuan,Kemeja Anak Perempuan,10.00,8.00
Fashion Anak & Bayi,Pakaian Anak Perempuan,Kulot Anak Perempuan,10.00,8.00
Fashion Anak & Bayi,Pakaian Anak Perempuan,Legging Anak Perempuan,10.00,8.00
Fashion Anak & Bayi,Pakaian Anak Perempuan,Rok Anak Perempuan,10.00,8.00
Fashion Anak & Bayi,Pakaian Anak Perempuan,Setelan Anak Perempuan,10.00,8.00
Fashion Anak & Bayi,Pakaian Anak Perempuan,Tank Top Anak Perempuan,10.00,8.00
Fashion Anak & Bayi,Pakaian Dalam Anak,,0.00,0.00
Fashion Anak & Bayi,Pakaian Dalam Anak,Celana Dalam Anak,10.00,8.00
Fashion Anak & Bayi,Pakaian Dalam Anak,Kaos Dalam Anak,10.00,8.00
Fashion Anak & Bayi,Pakaian Dalam Anak,Long John Anak,10.00,8.00
Fashion Anak & Bayi,Pakaian Dalam Anak,Miniset,10.00,8.00
Fashion Anak & Bayi,Perhiasan Anak,,0.00,0.00
Fashion Anak & Bayi,Perhiasan Anak,Anting Anak,4.25,4.25
Fashion Anak & Bayi,Perhiasan Anak,Cincin Anak,4.25,4.25
Fashion Anak & Bayi,Perhiasan Anak,Gelang Anak,4.25,4.25
Fashion Anak & Bayi,Perhiasan Anak,Kalung Anak,4.25,4.25
Fashion Anak & Bayi,Sepatu Anak Laki-laki,,0.00,0.00
Fashion Anak & Bayi,Sepatu Anak Laki-laki,Boots Anak Laki Laki,10.00,8.00
Fashion Anak & Bayi,Sepatu Anak Laki-laki,Kaos Kaki Anak Laki Laki,10.00,8.00
Fashion Anak & Bayi,Sepatu Anak Laki-laki,Pantofel Anak Laki-Laki,10.00,8.00
Fashion Anak & Bayi,Sepatu Anak Laki-laki,Sandal Anak Laki Laki,10.00,8.00
Fashion Anak & Bayi,Sepatu Anak Laki-laki,Sepatu Sandal Anak Laki Laki,10.00,8.00
Fashion Anak & Bayi,Sepatu Anak Laki-laki,Sneakers Anak Laki-Laki,10.00,8.00
Fashion Anak & Bayi,Sepatu Anak Perempuan,,0.00,0.00
Fashion Anak & Bayi,Sepatu Anak Perempuan,Boots Anak Perempuan,10.00,8.00
Fashion Anak & Bayi,Sepatu Anak Perempuan,Flat Shoes Anak Perempuan,10.00,8.00
Fashion Anak & Bayi,Sepatu Anak Perempuan,Kaos Kaki Anak Perempuan,10.00,8.00
Fashion Anak & Bayi,Sepatu Anak Perempuan,Sandal Anak Perempuan,10.00,8.00
Fashion Anak & Bayi,Sepatu Anak Perempuan,Sepatu Balet Anak Perempuan,10.00,8.00
Fashion Anak & Bayi,Sepatu Anak Perempuan,Sepatu Jelly Anak Perempuan,10.00,8.00
Fashion Anak & Bayi,Sepatu Anak Perempuan,Sepatu Pesta Anak Perempuan,10.00,8.00
Fashion Anak & Bayi,Sepatu Anak Perempuan,Sepatu Sandal Anak Perempuan,10.00,8.00
Fashion Anak & Bayi,Sepatu Anak Perempuan,Sneakers Anak Perempuan,10.00,8.00
Fashion Anak & Bayi,Seragam Sekolah,,0.00,0.00
Fashion Anak & Bayi,Seragam Sekolah,Atasan Seragam,10.00,8.00
Fashion Anak & Bayi,Seragam Sekolah,Bawahan Seragam,10.00,8.00
Fashion Anak & Bayi,Seragam Sekolah,Belt Seragam Sekolah,10.00,8.00
Fashion Anak & Bayi,Seragam Sekolah,Dasi Seragam Sekolah,10.00,8.00
Fashion Anak & Bayi,Seragam Sekolah,Kaos Kaki Sekolah,10.00,8.00
Fashion Anak & Bayi,Seragam Sekolah,Kerudung Sekolah,10.00,8.00
Fashion Anak & Bayi,Seragam Sekolah,Topi Seragam Sekolah,10.00,8.00
Fashion Anak & Bayi,Tas Anak,,0.00,0.00
Fashion Anak & Bayi,Tas Anak,Dompet Anak,10.00,8.00
Fashion Anak & Bayi,Tas Anak,Tas Koper Anak,10.00,8.00
Fashion Anak & Bayi,Tas Anak,Tas Ransel Anak,10.00,8.00
Fashion Anak & Bayi,Tas Anak,Tas Selempang Anak,10.00,8.00
Fashion Muslim,,,10.00,8.00
Fashion Muslim,Aksesoris Muslim,,10.00,8.00
Fashion Muslim,Aksesoris Muslim,Bros Jilbab,10.00,8.00
Fashion Muslim,Aksesoris Muslim,Headpiece Jilbab,10.00,8.00
Fashion Muslim,Aksesoris Muslim,Kaos Kaki Wudhu,10.00,8.00
Fashion Muslim,Aksesoris Muslim,Klip Turki,10.00,8.00
Fashion Muslim,Aksesoris Muslim,Peniti Jilbab,10.00,8.00
Fashion Muslim,Atasan Muslim Wanita,,10.00,8.00
Fashion Muslim,Atasan Muslim Wanita,Blouse Muslim Wanita,10.00,8.00
Fashion Muslim,Atasan Muslim Wanita,Manset Muslim Wanita,10.00,8.00
Fashion Muslim,Atasan Muslim Wanita,Setelan Syari Wanita,10.00,8.00
Fashion Muslim,Atasan Muslim Wanita,Tunik Muslim,10.00,8.00
Fashion Muslim,Baju Renang Muslim,,7.50,7.50
Fashion Muslim,Bawahan Muslim Wanita,,10.00,8.00
Fashion Muslim,Bawahan Muslim Wanita,Celana Muslim,10.00,8.00
Fashion Muslim,Bawahan Muslim Wanita,Legging Wudhu,10.00,8.00
Fashion Muslim,Bawahan Muslim Wanita,Palazzo,10.00,8.00
Fashion Muslim,Bawahan Muslim Wanita,Rok Muslim,10.00,8.00
Fashion Muslim,Dress Muslim Wanita,,10.00,8.00
Fashion Muslim,Dress Muslim Wanita,Abaya,10.00,8.00
Fashion Muslim,Dress Muslim Wanita,Gamis Wanita,10.00,8.00
Fashion Muslim,Dress Muslim Wanita,Jumpsuit Muslim,10.00,8.00
Fashion Muslim,Dress Muslim Wanita,Kaftan,10.00,8.00
Fashion Muslim,Jilbab,,10.00,8.00
Fashion Muslim,Jilbab,Cadar,10.00,8.00
Fashion Muslim,Jilbab,Ciput,10.00,8.00
Fashion Muslim,Jilbab,Hijab Instan,10.00,8.00
Fashion Muslim,Jilbab,Hijab Segi Empat,10.00,8.00
Fashion Muslim,Jilbab,Jilbab Olahraga,10.00,8.00
Fashion Muslim,Jilbab,Khimar,10.00,8.00
Fashion Muslim,Jilbab,Pashmina,10.00,8.00
Fashion Muslim,Jilbab,Turban,10.00,8.00
Fashion Muslim,Masker Hijab,,10.00,8.00
Fashion Muslim,Masker Hijab,Masker Kain,10.00,8.00
Fashion Muslim,Outerwear Muslim Wanita,,10.00,8.00
Fashion Muslim,Outerwear Muslim Wanita,Cape Muslim,10.00,8.00
Fashion Muslim,Outerwear Muslim Wanita,Cardigan Muslim,10.00,8.00
Fashion Muslim,Outerwear Muslim Wanita,Coat Muslim,10.00,8.00
Fashion Muslim,Outerwear Muslim Wanita,Vest Muslim,10.00,8.00
Fashion Muslim,Pakaian Muslim Anak,,10.00,8.00
Fashion Muslim,Pakaian Muslim Anak,Baju Koko Anak,10.00,8.00
Fashion Muslim,Pakaian Muslim Anak,Busana Muslim Family Set,10.00,8.00
Fashion Muslim,Pakaian Muslim Anak,Busana Muslim Set Anak,10.00,8.00
Fashion Muslim,Pakaian Muslim Anak,Gamis Anak,10.00,8.00
Fashion Muslim,Pakaian Muslim Anak,Jilbab Anak,10.00,8.00
Fashion Muslim,Pakaian Muslim Anak,Manset Anak,10.00,8.00
Fashion Muslim,Pakaian Muslim Anak,Mukena Anak,10.00,8.00
Fashion Muslim,Pakaian Muslim Anak,Peci Anak,10.00,8.00
Fashion Muslim,Pakaian Muslim Anak,Rok Muslim Anak,10.00,8.00
Fashion Muslim,Pakaian Muslim Anak,Sarung Anak,10.00,8.00
Fashion Muslim,Pakaian Muslim Pria,,10.00,8.00
Fashion Muslim,Pakaian Muslim Pria,Baju Koko Pria,10.00,8.00
Fashion Muslim,Pakaian Muslim Pria,Baju Koko Set Pria,10.00,8.00
Fashion Muslim,Pakaian Muslim Pria,Celana Sarung,10.00,8.00
Fashion Muslim,Pakaian Muslim Pria,Celana Sirwal,10.00,8.00
Fashion Muslim,Pakaian Muslim Pria,Gamis Pria,10.00,8.00
Fashion Muslim,Pakaian Muslim Pria,Peci & Kopiah,10.00,8.00
Fashion Muslim,Pakaian Muslim Pria,Sorban,10.00,8.00
Fashion Muslim,Perlengkapan Ibadah,,10.00,8.00
Fashion Muslim,Perlengkapan Ibadah,Baju Ihram,10.00,8.00
Fashion Muslim,Perlengkapan Ibadah,Mukena,10.00,8.00
Fashion Muslim,Perlengkapan Ibadah,Rompi Sholat,10.00,8.00
Fashion Muslim,Perlengkapan Ibadah,Sajadah,10.00,8.00
Fashion Muslim,Perlengkapan Ibadah,Sarung,10.00,8.00
Fashion Muslim,Perlengkapan Ibadah,Tasbih,10.00,8.00
Fashion Pria,,,7.75,7.75
Fashion Pria,Aksesoris Pria,,10.00,8.00
Fashion Pria,Aksesoris Pria,Aksesoris Kacamata Pria,10.00,8.00
Fashion Pria,Aksesoris Pria,Ikat Pinggang Pria,10.00,8.00
Fashion Pria,Aksesoris Pria,Kacamata Hitam Pria,10.00,8.00
Fashion Pria,Aksesoris Pria,Kacamata Pria,10.00,8.00
Fashion Pria,Aksesoris Pria,Sapu Tangan Pria,10.00,8.00
Fashion Pria,Aksesoris Pria,Sarung Tangan Pria,10.00,8.00
Fashion Pria,Aksesoris Pria,Scarf Pria,10.00,8.00
Fashion Pria,Aksesoris Sepatu Pria,,10.00,8.00
Fashion Pria,Aksesoris Sepatu Pria,Insole Sepatu Pria,10.00,8.00
Fashion Pria,Aksesoris Sepatu Pria,Kaos Kaki Pria,10.00,8.00
Fashion Pria,Aksesoris Sepatu Pria,Perawatan Sepatu,10.00,8.00
Fashion Pria,Aksesoris Sepatu Pria,Sendok Sepatu,10.00,8.00
Fashion Pria,Aksesoris Sepatu Pria,Tali Sepatu Pria,10.00,8.00
Fashion Pria,Atasan Pria,,10.00,8.00
Fashion Pria,Atasan Pria,Kaos Polo Pria,10.00,8.00
Fashion Pria,Atasan Pria,Kaos Pria,10.00,8.00
Fashion Pria,Atasan Pria,Kemeja Pria,10.00,8.00
Fashion Pria,Baju Tidur Pria,,10.00,8.00
Fashion Pria,Baju Tidur Pria,Celana Tidur Pria,10.00,8.00
Fashion Pria,Baju Tidur Pria,Set Piyama Pria,10.00,8.00
Fashion Pria,Batik Pria,,10.00,8.00
Fashion Pria,Batik Pria,Celana Batik Pria,10.00,8.00
Fashion Pria,Batik Pria,Kemeja Batik Pria,10.00,8.00
Fashion Pria,Blazer & Jas Pria,,10.00,8.00
Fashion Pria,Blazer & Jas Pria,Blazer Pria,10.00,8.00
Fashion Pria,Blazer & Jas Pria,Cufflink Jas,10.00,8.00
Fashion Pria,Blazer & Jas Pria,Dasi Pria,10.00,8.00
Fashion Pria,Blazer & Jas Pria,Jas & Tuxedo Pria,10.00,8.00
Fashion Pria,Blazer & Jas Pria,Pin Jas,10.00,8.00
Fashion Pria,Blazer & Jas Pria,Pocket Square,10.00,8.00
Fashion Pria,Blazer & Jas Pria,Suspender Pria,10.00,8.00
Fashion Pria,Celana Pria,,10.00,8.00
Fashion Pria,Celana Pria,Celana Bahan Pria,10.00,8.00
Fashion Pria,Celana Pria,Celana Cargo Pria,10.00,8.00
Fashion Pria,Celana Pria,Celana Chino Pria,10.00,8.00
Fashion Pria,Celana Pria,Celana Jogger Pria,10.00,8.00
Fashion Pria,Celana Pria,Celana Pendek Pria,10.00,8.00
Fashion Pria,Jam Tangan Pria,,10.00,8.00
Fashion Pria,Jam Tangan Pria,Aksesoris Jam Tangan Pria,10.00,8.00
Fashion Pria,Jam Tangan Pria,Jam Tangan Analog Pria,10.00,8.00
Fashion Pria,Jam Tangan Pria,Jam Tangan Digital Pria,10.00,8.00
Fashion Pria,Jeans & Denim Pria,,10.00,8.00
Fashion Pria,Jeans & Denim Pria,Celana Jeans Pria,10.00,8.00
Fashion Pria,Jeans & Denim Pria,Jaket Jeans Pria,10.00,8.00
Fashion Pria,Jeans & Denim Pria,Kemeja Denim Pria,10.00,8.00
Fashion Pria,Jeans & Denim Pria,Overall Jeans Pria,10.00,8.00
Fashion Pria,Masker Pria,,10.00,8.00
Fashion Pria,Masker Pria,Masker Kain,10.00,8.00
Fashion Pria,Outerwear Pria,,10.00,8.00
Fashion Pria,Outerwear Pria,Cardigan Pria,10.00,8.00
Fashion Pria,Outerwear Pria,Coat Pria,10.00,8.00
Fashion Pria,Outerwear Pria,Hoodie Pria,10.00,8.00
Fashion Pria,Outerwear Pria,Jaket Pria,10.00,8.00
Fashion Pria,Outerwear Pria,Sweater Pria,10.00,8.00
Fashion Pria,Outerwear Pria,Vest Pria,10.00,8.00
Fashion Pria,Pakaian Adat Pria,,10.00,8.00
Fashion Pria,Pakaian Adat Pria,Cheong Sam Pria,10.00,8.00
Fashion Pria,Pakaian Adat Pria,Hanbok Pria,10.00,8.00
Fashion Pria,Pakaian Adat Pria,Pakaian Adat Internasional Pria,10.00,8.00
Fashion Pria,Pakaian Adat Pria,Pakaian Adat Nasional Pria,10.00,8.00
Fashion Pria,Pakaian Adat Pria,Yukata Pria,10.00,8.00
Fashion Pria,Pakaian Dalam Pria,,10.00,8.00
Fashion Pria,Pakaian Dalam Pria,Boxer Pria,10.00,8.00
Fashion Pria,Pakaian Dalam Pria,Celana Dalam Pria,10.00,8.00
Fashion Pria,Pakaian Dalam Pria,Kaos Dalam Pria,10.00,8.00
Fashion Pria,Pakaian Dalam Pria,Long John Pria,10.00,8.00
Fashion Pria,Perhiasan Pria,,4.25,4.25
Fashion Pria,Perhiasan Pria,Anting Pria,4.25,4.25
Fashion Pria,Perhiasan Pria,Batu Mulia & Batu Alam,4.25,4.25
Fashion Pria,Perhiasan Pria,Cincin Pria,4.25,4.25
Fashion Pria,Perhiasan Pria,Gelang Pria,4.25,4.25
Fashion Pria,Perhiasan Pria,Kalung Pria,4.25,4.25
Fashion Pria,Sepatu Pria,,10.00,8.00
Fashion Pria,Sepatu Pria,Boots Pria,10.00,8.00
Fashion Pria,Sepatu Pria,Loafers Pria,10.00,8.00
Fashion Pria,Sepatu Pria,Pantofel Pria,10.00,8.00
Fashion Pria,Sepatu Pria,Sandal Pria,10.00,8.00
Fashion Pria,Sepatu Pria,Sepatu Sandal Pria,10.00,8.00
Fashion Pria,Sepatu Pria,Slip On Pria,10.00,8.00
Fashion Pria,Sepatu Pria,Sneakers Pria,10.00,8.00
Fashion Pria,Seragam Pria,,10.00,8.00
Fashion Pria,Seragam Pria,Seragam Driver Pria,10.00,8.00
Fashion Pria,Seragam Pria,Seragam Koki Pria,10.00,8.00
Fashion Pria,Seragam Pria,Seragam PNS Pria,10.00,8.00
Fashion Pria,Seragam Pria,Seragam Perawat Pria,10.00,8.00
Fashion Pria,Seragam Pria,Seragam Security Pria,10.00,8.00
Fashion Pria,Tas Pria,,10.00,8.00
Fashion Pria,Tas Pria,Aksesoris Tas Pria,10.00,8.00
Fashion Pria,Tas Pria,Briefcase Pria,10.00,8.00
Fashion Pria,Tas Pria,Clutch Pria,10.00,8.00
Fashion Pria,Tas Pria,Dompet Pria,10.00,8.00
Fashion Pria,Tas Pria,Tas Ransel Pria,10.00,8.00
Fashion Pria,Tas Pria,Tas Selempang Pria,10.00,8.00
Fashion Pria,Tas Pria,Waist Bag Pria,10.00,8.00
Fashion Pria,Topi Pria,,10.00,8.00
Fashion Pria,Topi Pria,Bucket Hat,10.00,8.00
Fashion Pria,Topi Pria,Topi Baseball,10.00,8.00
Fashion Pria,Topi Pria,Topi Fedora,10.00,8.00
Fashion Pria,Topi Pria,Topi Kupluk,10.00,8.00
Fashion Pria,Topi Pria,Topi Newsboy,10.00,8.00
Fashion Pria,Topi Pria,Topi Snapback,10.00,8.00
Fashion Wanita,,,10.00,8.00
Fashion Wanita,Aksesoris Sepatu Wanita,,10.00,8.00
Fashion Wanita,Aksesoris Sepatu Wanita,Insole Sepatu Wanita,10.00,8.00
Fashion Wanita,Aksesoris Sepatu Wanita,Kaos Kaki Wanita,10.00,8.00
Fashion Wanita,Aksesoris Sepatu Wanita,Silicon Gel Sepatu,10.00,8.00
Fashion Wanita,Aksesoris Sepatu Wanita,Tali Sepatu Wanita,10.00,8.00
Fashion Wanita,Aksesoris Wanita,,10.00,8.00
Fashion Wanita,Aksesoris Wanita,Aksesoris Kacamata Wanita,10.00,8.00
Fashion Wanita,Aksesoris Wanita,Ikat Pinggang Wanita,10.00,8.00
Fashion Wanita,Aksesoris Wanita,Kacamata Hitam Wanita,10.00,8.00
Fashion Wanita,Aksesoris Wanita,Kacamata Wanita,10.00,8.00
Fashion Wanita,Aksesoris Wanita,Sarung Tangan Wanita,10.00,8.00
Fashion Wanita,Aksesoris Wanita,Scarf & Shawl Wanita,10.00,8.00
Fashion Wanita,Aksesoris Wanita,Topi Wanita,10.00,8.00
Fashion Wanita,Atasan Wanita,,10.00,8.00
Fashion Wanita,Atasan Wanita,Blouse Wanita,10.00,8.00
Fashion Wanita,Atasan Wanita,Crop Top Wanita,10.00,8.00
Fashion Wanita,Atasan Wanita,Kaos Polo Wanita,10.00,8.00
Fashion Wanita,Atasan Wanita,Kaos Wanita,10.00,8.00
Fashion Wanita,Atasan Wanita,Kemeja Wanita,10.00,8.00
Fashion Wanita,Atasan Wanita,Tank Top Wanita,10.00,8.00
Fashion Wanita,Baju Tidur Wanita,,10.00,8.00
Fashion Wanita,Baju Tidur Wanita,Celana Tidur Wanita,10.00,8.00
Fashion Wanita,Baju Tidur Wanita,Daster Wanita,10.00,8.00
Fashion Wanita,Baju Tidur Wanita,Set Piyama Wanita,10.00,8.00
Fashion Wanita,Batik Wanita,,10.00,8.00
Fashion Wanita,Batik Wanita,Batik Couple,10.00,8.00
Fashion Wanita,Batik Wanita,Blouse Batik Wanita,10.00,8.00
Fashion Wanita,Batik Wanita,Celana Batik Wanita,10.00,8.00
Fashion Wanita,Batik Wanita,Dress Batik Wanita,10.00,8.00
Fashion Wanita,Batik Wanita,Jaket Batik Wanita,10.00,8.00
Fashion Wanita,Batik Wanita,Kain Batik,10.00,8.00
Fashion Wanita,Batik Wanita,Kain Tenun,10.00,8.00
Fashion Wanita,Batik Wanita,Outer Batik Wanita,10.00,8.00
Fashion Wanita,Batik Wanita,Rok Batik Wanita,10.00,8.00
Fashion Wanita,Batik Wanita,Syal Batik Wanita,10.00,8.00
Fashion Wanita,Bawahan Wanita,,10.00,8.00
Fashion Wanita,Bawahan Wanita,Celana Kulot Wanita,10.00,8.00
Fashion Wanita,Bawahan Wanita,Celana Panjang Wanita,10.00,8.00
Fashion Wanita,Bawahan Wanita,Celana Pendek Wanita,10.00,8.00
Fashion Wanita,Bawahan Wanita,Legging Wanita,10.00,8.00
Fashion Wanita,Bawahan Wanita,Rok Wanita,10.00,8.00
Fashion Wanita,Beachwear Wanita,,10.00,8.00
Fashion Wanita,Beachwear Wanita,Bikini,10.00,8.00
Fashion Wanita,Beachwear Wanita,Bikini Outer,10.00,8.00
Fashion Wanita,Bridal,,10.00,8.00
Fashion Wanita,Bridal,Aksesoris Pengantin,10.00,8.00
Fashion Wanita,Bridal,Bridesmaid Dress,10.00,8.00
Fashion Wanita,Bridal,Cincin Couple,4.25,4.25
Fashion Wanita,Bridal,Gaun Pengantin,10.00,8.00
Fashion Wanita,Bridal,Wedding Glove,10.00,8.00
Fashion Wanita,Bridal,Wedding Veil,10.00,8.00
Fashion Wanita,Dress,,10.00,8.00
Fashion Wanita,Dress,Jumpsuit & Playsuit,10.00,8.00
Fashion Wanita,Dress,Maxi Dress,10.00,8.00
Fashion Wanita,Dress,Midi Dress,10.00,8.00
Fashion Wanita,Dress,Mini Dress,10.00,8.00
Fashion Wanita,Fashion Couple,,10.00,8.00
Fashion Wanita,Fashion Couple,Aksesoris Couple,10.00,8.00
Fashion Wanita,Fashion Couple,Baju Couple,10.00,8.00
Fashion Wanita,Fashion Couple,Jam tangan couple,10.00,8.00
Fashion Wanita,Jam Tangan Wanita,,10.00,8.00
Fashion Wanita,Jam Tangan Wanita,Jam Tangan Analog Wanita,10.00,8.00
Fashion Wanita,Jam Tangan Wanita,Jam Tangan Digital Wanita,10.00,8.00
Fashion Wanita,Jam Tangan Wanita,Strap Jam Wanita,10.00,8.00
Fashion Wanita,Jeans & Denim Wanita,,10.00,8.00
Fashion Wanita,Jeans & Denim Wanita,Celana Jeans Wanita,10.00,8.00
Fashion Wanita,Jeans & Denim Wanita,Dress Denim Wanita,10.00,8.00
Fashion Wanita,Jeans & Denim Wanita,Jaket Jeans Wanita,10.00,8.00
Fashion Wanita,Jeans & Denim Wanita,Jegging Wanita,10.00,8.00
Fashion Wanita,Jeans & Denim Wanita,Kemeja Denim Wanita,10.00,8.00
Fashion Wanita,Jeans & Denim Wanita,Overall Denim Wanita,10.00,8.00
Fashion Wanita,Jeans & Denim Wanita,Rok Denim Wanita,10.00,8.00
Fashion Wanita,Kebaya,,10.00,8.00
Fashion Wanita,Kebaya,Bustier Wanita,10.00,8.00
Fashion Wanita,Kebaya,Kebaya Brukat,10.00,8.00
Fashion Wanita,Kebaya,Kebaya Encim,10.00,8.00
Fashion Wanita,Kebaya,Kebaya Kutu Baru,10.00,8.00
Fashion Wanita,Kebaya,Setelan Kebaya,10.00,8.00
Fashion Wanita,Masker Wanita,,10.00,8.00
Fashion Wanita,Masker Wanita,Masker Kain,10.00,8.00
Fashion Wanita,Outerwear Wanita,,10.00,8.00
Fashion Wanita,Outerwear Wanita,Blazer Wanita,10.00,8.00
Fashion Wanita,Outerwear Wanita,Cardigan Wanita,10.00,8.00
Fashion Wanita,Outerwear Wanita,Coat Wanita,10.00,8.00
Fashion Wanita,Outerwear Wanita,Hoodie Wanita,10.00,8.00
Fashion Wanita,Outerwear Wanita,Jacket Wanita,10.00,8.00
Fashion Wanita,Outerwear Wanita,Jaket Parka Wanita,10.00,8.00
Fashion Wanita,Outerwear Wanita,Kimono Outer Wanita,10.00,8.00
Fashion Wanita,Outerwear Wanita,Sweater Wanita,10.00,8.00
Fashion Wanita,Outerwear Wanita,Vest Wanita,10.00,8.00
Fashion Wanita,Pakaian Adat Wanita,,10.00,8.00
Fashion Wanita,Pakaian Adat Wanita,Cheong Sam Wanita,10.00,8.00
Fashion Wanita,Pakaian Adat Wanita,Hanbok Wanita,10.00,8.00
Fashion Wanita,Pakaian Adat Wanita,Pakaian Adat Internasional Wanita,10.00,8.00
Fashion Wanita,Pakaian Adat Wanita,Pakaian Adat Nasional Wanita,10.00,8.00
Fashion Wanita,Pakaian Adat Wanita,Yukata Wanita,10.00,8.00
Fashion Wanita,Pakaian Dalam Wanita,,10.00,8.00
Fashion Wanita,Pakaian Dalam Wanita,BRA,10.00,8.00
Fashion Wanita,Pakaian Dalam Wanita,Celana Dalam Wanita,10.00,8.00
Fashion Wanita,Pakaian Dalam Wanita,Korset,10.00,8.00
Fashion Wanita,Pakaian Dalam Wanita,Lingerie,10.00,8.00
Fashion Wanita,Pakaian Dalam Wanita,Long John Wanita,10.00,8.00
Fashion Wanita,Pakaian Dalam Wanita,Stocking,10.00,8.00
Fashion Wanita,Pakaian Ibu Hamil,,7.50,7.50
Fashion Wanita,Pakaian Ibu Hamil,Atasan Hamil,7.50,7.50
Fashion Wanita,Pakaian Ibu Hamil,Baju Renang Hamil,7.50,7.50
Fashion Wanita,Pakaian Ibu Hamil,Celana Hamil,7.50,7.50
Fashion Wanita,Pakaian Ibu Hamil,Dress & Terusan Hamil,7.50,7.50
Fashion Wanita,Pakaian Ibu Hamil,Gurita,7.50,7.50
Fashion Wanita,Pakaian Ibu Hamil,Korset & Gurita Hamil,7.50,7.50
Fashion Wanita,Pakaian Ibu Hamil,Legging Hamil,7.50,7.50
Fashion Wanita,Pakaian Ibu Hamil,Pakaian Dalam Ibu Hamil,7.50,7.50
Fashion Wanita,Pakaian Ibu Hamil,Rok Hamil,7.50,7.50
Fashion Wanita,Perhiasan Wanita,,4.25,4.25
Fashion Wanita,Perhiasan Wanita,Anting Wanita,4.25,4.25
Fashion Wanita,Perhiasan Wanita,Bros Wanita,10.00,8.00
Fashion Wanita,Perhiasan Wanita,Cincin Wanita,4.25,4.25
Fashion Wanita,Perhiasan Wanita,Gelang Wanita,4.25,4.25
Fashion Wanita,Perhiasan Wanita,Kalung Wanita,4.25,4.25
Fashion Wanita,Perhiasan Wanita,Liontin Wanita,4.25,4.25
Fashion Wanita,Sepatu Wanita,,10.00,8.00
Fashion Wanita,Sepatu Wanita,Boots Wanita,10.00,8.00
Fashion Wanita,Sepatu Wanita,Espadrilles Wanita,10.00,8.00
Fashion Wanita,Sepatu Wanita,Flat Shoes Wanita,10.00,8.00
Fashion Wanita,Sepatu Wanita,Loafers Wanita,10.00,8.00
Fashion Wanita,Sepatu Wanita,Pantofel Wanita,10.00,8.00
Fashion Wanita,Sepatu Wanita,Sandal Wanita,10.00,8.00
Fashion Wanita,Sepatu Wanita,Sepatu Heels Wanita,10.00,8.00
Fashion Wanita,Sepatu Wanita,Sepatu Sandal Wanita,10.00,8.00
Fashion Wanita,Sepatu Wanita,Slip On Wanita,10.00,8.00
Fashion Wanita,Sepatu Wanita,Sneakers Wanita,10.00,8.00
Fashion Wanita,Sepatu Wanita,Wedges Wanita,10.00,8.00
Fashion Wanita,Seragam Wanita,,10.00,8.00
Fashion Wanita,Seragam Wanita,Seragam Baby Sitter,10.00,8.00
Fashion Wanita,Seragam Wanita,Seragam PNS Wanita,10.00,8.00
Fashion Wanita,Seragam Wanita,Seragam Perawat Wanita,10.00,8.00
Fashion Wanita,Setelan Wanita,,10.00,8.00
Fashion Wanita,Setelan Wanita,Setelan Celana Wanita,10.00,8.00
Fashion Wanita,Setelan Wanita,Setelan Rok Wanita,10.00,8.00
Fashion Wanita,Tas Wanita,,10.00,8.00
Fashion Wanita,Tas Wanita,Aksesoris Tas Wanita,10.00,8.00
Fashion Wanita,Tas Wanita,Clutch Wanita,10.00,8.00
Fashion Wanita,Tas Wanita,Dompet Wanita,10.00,8.00
Fashion Wanita,Tas Wanita,Hand Bag Wanita,10.00,8.00
Fashion Wanita,Tas Wanita,Shoulder Bag Wanita,10.00,8.00
Fashion Wanita,Tas Wanita,Tas Ransel Wanita,10.00,8.00
Fashion Wanita,Tas Wanita,Tas Selempang Wanita,10.00,8.00
Fashion Wanita,Tas Wanita,Tote Bag,10.00,8.00
Fashion Wanita,Tas Wanita,Waist Bag Wanita,10.00,8.00
Film & Musik,,,0.00,0.00
Film & Musik,Alat Musik Digital,,0.00,0.00
Film & Musik,Alat Musik Digital,DJ Controller,7.50,7.50
Film & Musik,Alat Musik Digital,Launchpad,7.50,7.50
Film & Musik,Alat Musik Digital,Soundcard Recording,7.50,7.50
Film & Musik,Alat Musik Gesek,,0.00,0.00
Film & Musik,Alat Musik Gesek,Aksesoris Alat Musik Gesek,7.50,7.50
Film & Musik,Alat Musik Gesek,Biola,7.50,7.50
Film & Musik,Alat Musik Gesek,Bow Biola & Cello,7.50,7.50
Film & Musik,Alat Musik Gesek,Cello,7.50,7.50
Film & Musik,Alat Musik Gesek,Senar Biola,7.50,7.50
Film & Musik,Alat Musik Gesek,Senar Cello,7.50,7.50
Film & Musik,Alat Musik Tiup,,0.00,0.00
Film & Musik,Alat Musik Tiup,Aksesoris Alat Musik Tiup,7.50,7.50
Film & Musik,Alat Musik Tiup,Harmonika,7.50,7.50
Film & Musik,Alat Musik Tiup,Pianika,7.50,7.50
Film & Musik,Alat Musik Tiup,Saxophone,7.50,7.50
Film & Musik,Alat Musik Tiup,Selang Pianika,7.50,7.50
Film & Musik,Alat Musik Tiup,Suling Recorder,7.50,7.50
Film & Musik,Alat Musik Tiup,Trumpet,7.50,7.50
Film & Musik,Alat Musik Tiup,Valve Oil,7.50,7.50
Film & Musik,Alat Musik Tradisional,,0.00,0.00
Film & Musik,Alat Musik Tradisional,Angklung,7.50,7.50
Film & Musik,Alat Musik Tradisional,Gamelan,7.50,7.50
Film & Musik,Alat Musik Tradisional,Gendang,7.50,7.50
Film & Musik,Alat Musik Tradisional,Gong,7.50,7.50
Film & Musik,Alat Musik Tradisional,Jimbe,7.50,7.50
Film & Musik,Alat Musik Tradisional,Kalimba,7.50,7.50
Film & Musik,Alat Musik Tradisional,Kecapi,7.50,7.50
Film & Musik,Alat Musik Tradisional,Sasando,7.50,7.50
Film & Musik,Alat Musik Tradisional,Seruling,7.50,7.50
Film & Musik,Drum & Perkusi,,0.00,0.00
Film & Musik,Drum & Perkusi,Aksesoris Drum & Perkusi,7.50,7.50
Film & Musik,Drum & Perkusi,Alat Perkusi Orkestra,7.50,7.50
Film & Musik,Drum & Perkusi,Cajon,7.50,7.50
Film & Musik,Drum & Perkusi,Cymbal,7.50,7.50
Film & Musik,Drum & Perkusi,Drum Elektrik,7.50,7.50
Film & Musik,Drum & Perkusi,Drum Microphone,7.50,7.50
Film & Musik,Drum & Perkusi,Drum Pad,7.50,7.50
Film & Musik,Drum & Perkusi,Marakas,7.50,7.50
Film & Musik,Drum & Perkusi,Pedal Drum,7.50,7.50
Film & Musik,Drum & Perkusi,Rebana,7.50,7.50
Film & Musik,Drum & Perkusi,Snare Drum,7.50,7.50
Film & Musik,Drum & Perkusi,Stand Drum,7.50,7.50
Film & Musik,Drum & Perkusi,Stik Drum,7.50,7.50
Film & Musik,Drum & Perkusi,Tamborin,7.50,7.50
Film & Musik,Drum & Perkusi,Tas Snare & Cymbal Drum,7.50,7.50
Film & Musik,Film & Serial TV,,0.00,0.00
Film & Musik,Film & Serial TV,Anime,10.00,8.00
Film & Musik,Film & Serial TV,Film,10.00,8.00
Film & Musik,Film & Serial TV,Serial TV,10.00,8.00
Film & Musik,Gitar & Bass,,0.00,0.00
Film & Musik,Gitar & Bass,Alat Pembersih Gitar & Bass,7.50,7.50
Film & Musik,Gitar & Bass,Amplifier Gitar & Bass,7.50,7.50
Film & Musik,Gitar & Bass,Bass Akustik,7.50,7.50
Film & Musik,Gitar & Bass,Bass Elektrik,7.50,7.50
Film & Musik,Gitar & Bass,Capo Gitar & Bass,7.50,7.50
Film & Musik,Gitar & Bass,Efek Gitar & Bass,7.50,7.50
Film & Musik,Gitar & Bass,Gitar Akustik,7.50,7.50
Film & Musik,Gitar & Bass,Gitar Elektrik,7.50,7.50
Film & Musik,Gitar & Bass,Gitar Klasik,7.50,7.50
Film & Musik,Gitar & Bass,Guitalele,7.50,7.50
Film & Musik,Gitar & Bass,Kabel Jack Gitar & Bass,7.50,7.50
Film & Musik,Gitar & Bass,Pick Gitar & Bass,7.50,7.50
Film & Musik,Gitar & Bass,Senar Bass,7.50,7.50
Film & Musik,Gitar & Bass,Senar Gitar,7.50,7.50
Film & Musik,Gitar & Bass,Stand Gitar,7.50,7.50
Film & Musik,Gitar & Bass,Strap Gitar,7.50,7.50
Film & Musik,Gitar & Bass,Tas Bass,7.50,7.50
Film & Musik,Gitar & Bass,Tas Gitar,7.50,7.50
Film & Musik,Gitar & Bass,Tuner Gitar & Bass,7.50,7.50
Film & Musik,Gitar & Bass,Ukulele,7.50,7.50
Film & Musik,Keyboard & Piano,,0.00,0.00
Film & Musik,Keyboard & Piano,Adaptor Keyboard & Piano,7.50,7.50
Film & Musik,Keyboard & Piano,Amplifier Keyboard,7.50,7.50
Film & Musik,Keyboard & Piano,Cover Piano,7.50,7.50
Film & Musik,Keyboard & Piano,Electone,7.50,7.50
Film & Musik,Keyboard & Piano,Grand Piano,7.50,7.50
Film & Musik,Keyboard & Piano,Keyboard,7.50,7.50
Film & Musik,Keyboard & Piano,Kursi Keyboard & Piano,7.50,7.50
Film & Musik,Keyboard & Piano,Pedal Piano & Keyboard,7.50,7.50
Film & Musik,Keyboard & Piano,Piano,7.50,7.50
Film & Musik,Keyboard & Piano,Piano Elektrik,7.50,7.50
Film & Musik,Keyboard & Piano,Stand Keyboard,7.50,7.50
Film & Musik,Keyboard & Piano,Synthesizer,7.50,7.50
Film & Musik,Keyboard & Piano,Tas Keyboard,7.50,7.50
Film & Musik,Merchandise,,0.00,0.00
Film & Musik,Merchandise,Apparel,7.50,7.50
Film & Musik,Merchandise,Bantal & Boneka,7.50,7.50
Film & Musik,Merchandise,Light Stick,7.50,7.50
Film & Musik,Merchandise,Merchandise Lainnya,7.50,7.50
Film & Musik,Merchandise,Photobook,7.50,7.50
Film & Musik,Merchandise,Photocard,7.50,7.50
Film & Musik,Merchandise,Photopack,7.50,7.50
Film & Musik,Merchandise,Poster,7.50,7.50
Film & Musik,Merchandise,Sticker,7.50,7.50
Film & Musik,Merchandise,TinyTan,7.50,7.50
Film & Musik,Musik,,0.00,0.00
Film & Musik,Musik,CD & DVD Musik,7.50,7.50
Film & Musik,Musik,Kaset Pita,7.50,7.50
Film & Musik,Musik,Lainnya,7.50,7.50
Film & Musik,Musik,Vinyl,7.50,7.50
Film & Musik,Musik,Vinyl Player,7.50,7.50
Film & Musik,Perlengkapan Alat Musik,,0.00,0.00
Film & Musik,Perlengkapan Alat Musik,Busa Peredam Suara,7.50,7.50
Film & Musik,Perlengkapan Alat Musik,Metronome,7.50,7.50
Film & Musik,Perlengkapan Alat Musik,Stand Partitur,7.50,7.50
Film & Musik,Vokal,,0.00,0.00
Film & Musik,Vokal,Aksesoris Microphone,7.50,7.50
Film & Musik,Vokal,Efek Vokal,7.50,7.50
Film & Musik,Vokal,Microphone,5.75,5.75
Film & Musik,Vokal,Mixer Audio,7.50,7.50
Gaming,,,5.50,5.50
Gaming,Aksesoris Game Console,,7.50,7.50
Gaming,Aksesoris Game Console,Adapter Game Console,7.50,7.50
Gaming,Aksesoris Game Console,Baterai Game Console,7.50,7.50
Gaming,Aksesoris Game Console,Casing & Silikon Game Console,7.50,7.50
Gaming,Aksesoris Game Console,Joystick Game Console,7.50,7.50
Gaming,Aksesoris Game Console,Travel Case & Tas Gaming,7.50,7.50
Gaming,Aksesoris Mobile Gaming,,0.00,0.00
Gaming,Aksesoris Mobile Gaming,Gamepad,7.50,7.50
Gaming,Aksesoris Mobile Gaming,Smartphone Signal Booster,7.50,7.50
Gaming,CD Game,,0.00,0.00
Gaming,CD Game,CD Nintendo,7.50,7.50
Gaming,CD Game,CD PC dan Laptop Gaming,7.50,7.50
Gaming,CD Game,CD PlayStation,7.50,7.50
Gaming,CD Game,CD Xbox,7.50,7.50
Gaming,Game Console,,0.00,0.00
Gaming,Game Console,Game Boy,7.50,7.50
Gaming,Game Console,Game Retro,7.50,7.50
Gaming,Game Console,Handheld,7.50,7.50
Gaming,Game Console,Nintendo,7.50,7.50
Gaming,Game Console,PlayStation,7.50,7.50
Gaming,Game Console,Xbox,7.50,7.50
Gaming,Virtual Reality,,7.50,7.50
Gaming,Virtual Reality,Aksesoris VR,7.50,7.50
Gaming,Virtual Reality,VR Device,7.50,7.50
Handphone & Tablet,,,4.25,4.25
Handphone & Tablet,Aksesoris Handphone,,10.00,8.00
Handphone & Tablet,Aksesoris Handphone,Charger Handphone,10.00,8.00
Handphone & Tablet,Aksesoris Handphone,Charger Mobil,10.00,8.00
Handphone & Tablet,Aksesoris Handphone,Docking Handphone,10.00,8.00
Handphone & Tablet,Aksesoris Handphone,Flip Cover Handphone,10.00,8.00
Handphone & Tablet,Aksesoris Handphone,Gantungan Handphone,10.00,8.00
Handphone & Tablet,Aksesoris Handphone,Hard Case Handphone,10.00,8.00
Handphone & Tablet,Aksesoris Handphone,Holder Handphone,10.00,8.00
Handphone & Tablet,Aksesoris Handphone,I-Ring,10.00,8.00
Handphone & Tablet,Aksesoris Handphone,Kabel Data,10.00,8.00
Handphone & Tablet,Aksesoris Handphone,Kabel OTG,4.25,4.25
Handphone & Tablet,Aksesoris Handphone,Lensa Kamera Handphone,10.00,8.00
Handphone & Tablet,Aksesoris Handphone,Mount Handphone,10.00,8.00
Handphone & Tablet,Aksesoris Handphone,Pelindung Kabel,10.00,8.00
Handphone & Tablet,Aksesoris Handphone,Pembesar Layar Handphone,10.00,8.00
Handphone & Tablet,Aksesoris Handphone,Pop Socket,10.00,8.00
Handphone & Tablet,Aksesoris Handphone,Rubber Gel Pad,10.00,8.00
Handphone & Tablet,Aksesoris Handphone,Screen Protector Handphone,10.00,8.00
Handphone & Tablet,Aksesoris Handphone,Selfie Ring Light,10.00,8.00
Handphone & Tablet,Aksesoris Handphone,Skin Handphone,10.00,8.00
Handphone & Tablet,Aksesoris Handphone,Soft Case Handphone,10.00,8.00
Handphone & Tablet,Aksesoris Handphone,Stand Handphone,10.00,8.00
Handphone & Tablet,Aksesoris Handphone,Tongsis,10.00,8.00
Handphone & Tablet,Aksesoris Handphone,Tripod Handphone,10.00,8.00
Handphone & Tablet,Aksesoris Tablet,,10.00,8.00
Handphone & Tablet,Aksesoris Tablet,Casing & Cover Tablet,10.00,8.00
Handphone & Tablet,Aksesoris Tablet,Charger Tablet,10.00,8.00
Handphone & Tablet,Aksesoris Tablet,Connection Kit,10.00,8.00
Handphone & Tablet,Aksesoris Tablet,Docking Tablet,10.00,8.00
Handphone & Tablet,Aksesoris Tablet,Holder Tablet,10.00,8.00
Handphone & Tablet,Aksesoris Tablet,Keyboard Bluetooth,7.50,7.50
Handphone & Tablet,Aksesoris Tablet,Mount Tablet,10.00,8.00
Handphone & Tablet,Aksesoris Tablet,Screen Guard Tablet,5.75,5.75
Handphone & Tablet,Aksesoris Tablet,Stylus Tablet,10.00,8.00
Handphone & Tablet,Aksesoris Tablet,Tablet Sleeve,10.00,8.00
Handphone & Tablet,Aksesoris Tablet,Tripod Tablet,10.00,8.00
Handphone & Tablet,Handphone,,4.25,4.25
Handphone & Tablet,Handphone,Android OS,4.25,4.25
Handphone & Tablet,Handphone,BlackBerry OS,4.25,4.25
Handphone & Tablet,Handphone,Feature Phone,4.25,4.25
Handphone & Tablet,Handphone,HarmonyOS,4.25,4.25
Handphone & Tablet,Handphone,Windows Mobile,4.25,4.25
Handphone & Tablet,Handphone,iOS,4.25,4.25
Handphone & Tablet,Komponen Handphone,,10.00,8.00
Handphone & Tablet,Komponen Handphone,Baterai Handphone,10.00,8.00
Handphone & Tablet,Komponen Handphone,IC Handphone,10.00,8.00
Handphone & Tablet,Komponen Handphone,Keypad Handphone,10.00,8.00
Handphone & Tablet,Komponen Handphone,LCD Handphone,10.00,8.00
Handphone & Tablet,Komponen Handphone,Sim Tray Handphone,10.00,8.00
Handphone & Tablet,Komponen Handphone,Spare Part Handphone,10.00,8.00
Handphone & Tablet,Komponen Tablet,,10.00,8.00
Handphone & Tablet,Komponen Tablet,Baterai Tablet,10.00,8.00
Handphone & Tablet,Komponen Tablet,LCD Tablet,10.00,8.00
Handphone & Tablet,Komponen Tablet,Spare Part Tablet,10.00,8.00
Handphone & Tablet,Nomor Perdana & Voucher,,10.00,8.00
Handphone & Tablet,Nomor Perdana & Voucher,App Gift Card Fisik,1.00,1.00
Handphone & Tablet,Nomor Perdana & Voucher,Nomor Perdana,10.00,8.00
Handphone & Tablet,Nomor Perdana & Voucher,Voucher Data Fisik,1.00,1.00
Handphone & Tablet,Nomor Perdana & Voucher,Voucher Pulsa Fisik,1.00,1.00
Handphone & Tablet,Power Bank,,10.00,8.00
Handphone & Tablet,Power Bank,Portable Power Bank,10.00,8.00
Handphone & Tablet,Power Bank,Power Case,10.00,8.00
Handphone & Tablet,Power Bank,Solar Power Bank,10.00,8.00
Handphone & Tablet,Tablet,,4.25,4.25
Handphone & Tablet,Tablet,Android OS,4.25,4.25
Handphone & Tablet,Tablet,HarmonyOS,4.25,4.25
Handphone & Tablet,Tablet,Kindle e-Book,4.25,4.25
Handphone & Tablet,Tablet,Windows Mobile,4.25,4.25
Handphone & Tablet,Tablet,iOS,4.25,4.25
Handphone & Tablet,Wearable Devices,,10.00,8.00
Handphone & Tablet,Wearable Devices,Aksesoris Wearable Devices,10.00,8.00
Handphone & Tablet,Wearable Devices,GPS & Sport Tracker,10.00,8.00
Handphone & Tablet,Wearable Devices,Smart Band,10.00,8.00
Handphone & Tablet,Wearable Devices,Smart Watch,10.00,8.00
Handphone & Tablet,Wearable Devices,Wearable Cameras,10.00,8.00
Ibu & Bayi,,,10.00,8.00
Ibu & Bayi,Aktivitas Bayi,,10.00,8.00
Ibu & Bayi,Aktivitas Bayi,Baby Walker,10.00,8.00
Ibu & Bayi,Aktivitas Bayi,Pagar Pengaman Bayi,10.00,8.00
Ibu & Bayi,Aktivitas Bayi,Playmat Bayi,10.00,8.00
Ibu & Bayi,Aktivitas Bayi,"Swinger, Rocker & Bouncer Bayi",10.00,8.00
Ibu & Bayi,Makanan & Susu Ibu Hamil,,7.50,7.50
Ibu & Bayi,Makanan & Susu Ibu Hamil,Asi Booster,7.50,7.50
Ibu & Bayi,Makanan & Susu Ibu Hamil,Susu Ibu Hamil,7.50,7.50
Ibu & Bayi,Makanan Bayi,,5.25,5.25
Ibu & Bayi,Peralatan Perlengkapan Menyusui,,10.00,8.00
Ibu & Bayi,Peralatan Perlengkapan Menyusui,Apron Menyusui,10.00,8.00
Ibu & Bayi,Peralatan Perlengkapan Menyusui,Bra Menyusui,7.50,7.50
Ibu & Bayi,Peralatan Perlengkapan Menyusui,Breast Pad,10.00,8.00
Ibu & Bayi,Peralatan Perlengkapan Menyusui,Breast Pump Aksesoris,7.50,7.50
Ibu & Bayi,Peralatan Perlengkapan Menyusui,Cooler Bag,10.00,8.00
Ibu & Bayi,Peralatan Perlengkapan Menyusui,Ice Gel,10.00,8.00
Ibu & Bayi,Peralatan Perlengkapan Menyusui,Kantong Botol ASI,10.00,8.00
Ibu & Bayi,Peralatan Perlengkapan Menyusui,Nipple Cream,10.00,8.00
Ibu & Bayi,Peralatan Perlengkapan Menyusui,Pakaian Menyusui,7.50,7.50
Ibu & Bayi,Perawatan Bayi,,10.00,8.00
Ibu & Bayi,Perawatan Bayi,Baby Oil,10.00,8.00
Ibu & Bayi,Perawatan Bayi,Bedak Bayi,10.00,8.00
Ibu & Bayi,Perawatan Bayi,Cream & Lotion Bayi,10.00,8.00
Ibu & Bayi,Perawatan Bayi,Detergen Laundry Bayi,10.00,8.00
Ibu & Bayi,Perawatan Bayi,Diaper Bag,10.00,8.00
Ibu & Bayi,Perawatan Bayi,Gunting Kuku Bayi,10.00,8.00
Ibu & Bayi,Perawatan Bayi,Kapas & Tissue Bayi,10.00,8.00
Ibu & Bayi,Perawatan Bayi,Minyak Telon,10.00,8.00
Ibu & Bayi,Perawatan Bayi,Shampoo & Sabun Bayi,10.00,8.00
Ibu & Bayi,Perawatan Bayi,Sikat Gigi Pasta Gigi Bayi,10.00,8.00
Ibu & Bayi,Perawatan Bayi,Sisir Bayi,10.00,8.00
Ibu & Bayi,Perlengkapan & Perawatan Ibu,,7.50,7.50
Ibu & Bayi,Perlengkapan & Perawatan Ibu,Bantal Ibu Hamil,7.50,7.50
Ibu & Bayi,Perlengkapan & Perawatan Ibu,Bantal Menyusui,10.00,8.00
Ibu & Bayi,Perlengkapan Makan Bayi,,10.00,8.00
Ibu & Bayi,Perlengkapan Makan Bayi,Alat Makan Bayi,10.00,8.00
Ibu & Bayi,Perlengkapan Makan Bayi,Baby Food Maker,10.00,8.00
Ibu & Bayi,Perlengkapan Makan Bayi,Botol Susu & Dot,10.00,8.00
Ibu & Bayi,Perlengkapan Makan Bayi,Celemek Bayi,10.00,8.00
Ibu & Bayi,Perlengkapan Makan Bayi,Empeng,10.00,8.00
Ibu & Bayi,Perlengkapan Makan Bayi,Kursi Makan Bayi,10.00,8.00
Ibu & Bayi,Perlengkapan Makan Bayi,Sterilizer & Warmer,10.00,8.00
Ibu & Bayi,Perlengkapan Mandi Bayi,,10.00,8.00
Ibu & Bayi,Perlengkapan Mandi Bayi,Bathtub & Kolam Bayi,10.00,8.00
Ibu & Bayi,Perlengkapan Mandi Bayi,Handuk Washlap Bayi,10.00,8.00
Ibu & Bayi,Perlengkapan Mandi Bayi,Pelampung Bayi,10.00,8.00
Ibu & Bayi,Perlengkapan Mandi Bayi,Pispot,10.00,8.00
Ibu & Bayi,Perlengkapan Mandi Bayi,Topi Pelindung Air Bayi,10.00,8.00
Ibu & Bayi,Perlengkapan Tidur Bayi,,10.00,8.00
Ibu & Bayi,Perlengkapan Tidur Bayi,Baby Monitor,4.25,4.25
Ibu & Bayi,Perlengkapan Tidur Bayi,Bantal & Guling Bayi,10.00,8.00
Ibu & Bayi,Perlengkapan Tidur Bayi,Bedong Bayi,10.00,8.00
Ibu & Bayi,Perlengkapan Tidur Bayi,Box Tidur Bayi,10.00,8.00
Ibu & Bayi,Perlengkapan Tidur Bayi,Kelambu Bayi,10.00,8.00
Ibu & Bayi,Perlengkapan Tidur Bayi,Matras Tidur Bayi,10.00,8.00
Ibu & Bayi,Perlengkapan Tidur Bayi,Perlak,10.00,8.00
Ibu & Bayi,Perlengkapan Tidur Bayi,Selimut Bayi,10.00,8.00
Ibu & Bayi,Popok,,7.50,7.50
Ibu & Bayi,Popok,Popok Kain,7.50,7.50
Ibu & Bayi,Popok,Popok Sekali Pakai,7.50,7.50
Ibu & Bayi,Stroller & Alat Bantu Bawa Bayi,,10.00,8.00
Ibu & Bayi,Stroller & Alat Bantu Bawa Bayi,Aksesoris Stroller,10.00,8.00
Ibu & Bayi,Stroller & Alat Bantu Bawa Bayi,Alas Stroller,10.00,8.00
Ibu & Bayi,Stroller & Alat Bantu Bawa Bayi,Dudukan Mobil Bayi,10.00,8.00
Ibu & Bayi,Stroller & Alat Bantu Bawa Bayi,Gendongan Bayi,10.00,8.00
Ibu & Bayi,Stroller & Alat Bantu Bawa Bayi,Stroller,10.00,8.00
Ibu & Bayi,Susu Bayi & Anak,,5.75,5.75
Ibu & Bayi,Susu Bayi & Anak,Biskuit & Snack Bayi,5.75,5.75
Ibu & Bayi,Susu Bayi & Anak,Sereal & Bubur Bayi,5.75,5.75
Ibu & Bayi,Susu Bayi & Anak,Susu Anak,5.75,5.75
Ibu & Bayi,Susu Bayi & Anak,Susu Bayi di Bawah 1 Tahun,5.75,5.75
Kecantikan,,,10.00,8.00
Kecantikan,Aksesoris Rambut,,10.00,8.00
Kecantikan,Aksesoris Rambut,Bando Bandana,10.00,8.00
Kecantikan,Aksesoris Rambut,Hair Extension,10.00,8.00
Kecantikan,Aksesoris Rambut,Ikat Rambut,10.00,8.00
Kecantikan,Aksesoris Rambut,Jepitan Rambut,10.00,8.00
Kecantikan,Aksesoris Rambut,Mahkota & Headpiece,10.00,8.00
Kecantikan,Aksesoris Rambut,Rambut Palsu,10.00,8.00
Kecantikan,Aksesoris Rambut,Tusuk Konde,10.00,8.00
Kecantikan,Brush Applicator,,10.00,8.00
Kecantikan,Brush Applicator,Beauty Sponge,10.00,8.00
Kecantikan,Brush Applicator,Make Up Brush,10.00,8.00
Kecantikan,Brush Applicator,Make Up Brush Set,10.00,8.00
Kecantikan,Brush Applicator,Pembersih Brush Make Up,10.00,8.00
Kecantikan,Eyebrow Kit,,10.00,8.00
Kecantikan,Eyebrow Kit,Cetakan & Sisir Alis,10.00,8.00
Kecantikan,Eyebrow Kit,Cukuran Alis,10.00,8.00
Kecantikan,Eyebrow Kit,Eyebrow Mascara,10.00,8.00
Kecantikan,Eyebrow Kit,Eyebrow Pomade,10.00,8.00
Kecantikan,Eyebrow Kit,Eyebrow Powder,10.00,8.00
Kecantikan,Eyebrow Kit,Pensil Alis,10.00,8.00
Kecantikan,Face & Body Paint Kit,,10.00,8.00
Kecantikan,Lip Color & Lip Care,,10.00,8.00
Kecantikan,Lip Color & Lip Care,Lip Balm & Oil,10.00,8.00
Kecantikan,Lip Color & Lip Care,Lip Cream,10.00,8.00
Kecantikan,Lip Color & Lip Care,Lip Liner,10.00,8.00
Kecantikan,Lip Color & Lip Care,Lip Palette,10.00,8.00
Kecantikan,Lip Color & Lip Care,Lip Scrub,10.00,8.00
Kecantikan,Lip Color & Lip Care,Lip Tint & Lip Stain,10.00,8.00
Kecantikan,Lip Color & Lip Care,Lipgloss,10.00,8.00
Kecantikan,Lip Color & Lip Care,Lipstik,10.00,8.00
Kecantikan,Make up Mata,,10.00,8.00
Kecantikan,Make up Mata,Bulu Mata Palsu,10.00,8.00
Kecantikan,Make up Mata,Eye Liner,10.00,8.00
Kecantikan,Make up Mata,Eye Primer,10.00,8.00
Kecantikan,Make up Mata,Eyelid Tape,10.00,8.00
Kecantikan,Make up Mata,Eyeshadow,10.00,8.00
Kecantikan,Make up Mata,Lem Bulu Mata,10.00,8.00
Kecantikan,Make up Mata,Mascara,10.00,8.00
Kecantikan,Make up Mata,Penjepit Bulu Mata,10.00,8.00
Kecantikan,Make up Tools,,10.00,8.00
Kecantikan,Make up Tools,Cermin Make Up,10.00,8.00
Kecantikan,Make up Tools,Kemasan Make Up,10.00,8.00
Kecantikan,Make up Tools,Laci & Tempat Make Up,10.00,8.00
Kecantikan,Make up Tools,Pinset Alis,10.00,8.00
Kecantikan,Make up Tools,Pinset Bulu Mata,10.00,8.00
Kecantikan,Make up Tools,Pinset Komedo,10.00,8.00
Kecantikan,Make up Tools,Tas Kosmetik,10.00,8.00
Kecantikan,Make up Wajah,,10.00,8.00
Kecantikan,Make up Wajah,BB Cream,10.00,8.00
Kecantikan,Make up Wajah,Bedak Wajah,10.00,8.00
Kecantikan,Make up Wajah,Blush On,10.00,8.00
Kecantikan,Make up Wajah,CC Cream,10.00,8.00
Kecantikan,Make up Wajah,Concealer & Color Corrector,10.00,8.00
Kecantikan,Make up Wajah,Contour & Bronzer,10.00,8.00
Kecantikan,Make up Wajah,Cushion,10.00,8.00
Kecantikan,Make up Wajah,Face Primer,10.00,8.00
Kecantikan,Make up Wajah,Foundation,10.00,8.00
Kecantikan,Make up Wajah,Highlighter,10.00,8.00
Kecantikan,Make up Wajah,Setting Spray,10.00,8.00
Kecantikan,Masker Kecantikan,,10.00,8.00
Kecantikan,Masker Kecantikan,Masker Bibir,10.00,8.00
Kecantikan,Masker Kecantikan,Masker Mata,10.00,8.00
Kecantikan,Masker Kecantikan,Masker Wajah,10.00,8.00
Kecantikan,Mix Palette,,10.00,8.00
Kecantikan,Pembersih Make Up,,10.00,8.00
Kecantikan,Pembersih Make Up,Kapas Wajah,10.00,8.00
Kecantikan,Pembersih Make Up,Make Up Remover Balm,10.00,8.00
Kecantikan,Pembersih Make Up,Make Up Remover Oil,10.00,8.00
Kecantikan,Pembersih Make Up,Make Up Remover Wipes,10.00,8.00
Kecantikan,Pembersih Make Up,Micellar Water,10.00,8.00
Kecantikan,Pembersih Make Up,Pembersih Mata Bibir,10.00,8.00
Kecantikan,Perawatan Kuku & Nail Art,,10.00,8.00
Kecantikan,Perawatan Kuku & Nail Art,Aksesoris Nail Art,10.00,8.00
Kecantikan,Perawatan Kuku & Nail Art,Alat Nail Art,10.00,8.00
Kecantikan,Perawatan Kuku & Nail Art,Fake Nail,10.00,8.00
Kecantikan,Perawatan Kuku & Nail Art,Henna,10.00,8.00
Kecantikan,Perawatan Kuku & Nail Art,Kuteks,10.00,8.00
Kecantikan,Perawatan Kuku & Nail Art,Lem Kuku Palsu,10.00,8.00
Kecantikan,Perawatan Kuku & Nail Art,Portable Nail Dryer,10.00,8.00
Kecantikan,Perawatan Kuku & Nail Art,Stiker Kuku,10.00,8.00
Kecantikan,Perawatan Wajah,,10.00,8.00
Kecantikan,Perawatan Wajah,Cleanser Wajah,10.00,8.00
Kecantikan,Perawatan Wajah,Face Mist,10.00,8.00
Kecantikan,Perawatan Wajah,Face Oil,10.00,8.00
Kecantikan,Perawatan Wajah,Kertas Minyak,10.00,8.00
Kecantikan,Perawatan Wajah,Krim Mata,10.00,8.00
Kecantikan,Perawatan Wajah,Krim Wajah,10.00,8.00
Kecantikan,Perawatan Wajah,Lainnya,10.00,8.00
Kecantikan,Perawatan Wajah,Paket Perawatan Wajah,10.00,8.00
Kecantikan,Perawatan Wajah,Scrub Wajah,10.00,8.00
Kecantikan,Perawatan Wajah,Serum Bulu Mata & Alis,10.00,8.00
Kecantikan,Perawatan Wajah,Serum Mata,10.00,8.00
Kecantikan,Perawatan Wajah,Serum Wajah,10.00,8.00
Kecantikan,Perawatan Wajah,Skincare Tools,10.00,8.00
Kecantikan,Perawatan Wajah,Sunblock wajah,10.00,8.00
Kecantikan,Perawatan Wajah,Toner Wajah,10.00,8.00
Kecantikan,Styling Rambut Wanita,,10.00,8.00
Kecantikan,Styling Rambut Wanita,Alat Potong Rambut,10.00,8.00
Kecantikan,Styling Rambut Wanita,Catokan Rambut,10.00,8.00
Kecantikan,Styling Rambut Wanita,Curling Iron,10.00,8.00
Kecantikan,Styling Rambut Wanita,Hair Dryer,10.00,8.00
Kecantikan,Styling Rambut Wanita,Sisir Rambut,10.00,8.00
Kecantikan,Suplemen Kecantikan Collagen,,7.50,7.50
Kecantikan,Suplemen Kecantikan Collagen,Suplemen Kecantikan Bubuk,7.50,7.50
Kecantikan,Suplemen Kecantikan Collagen,Suplemen Kecantikan Kapsul,7.50,7.50
Kecantikan,Suplemen Kecantikan Collagen,Suplemen Kecantikan Lainnya,7.50,7.50
Kesehatan,,,7.50,7.50
Kesehatan,Essential Oil,,10.00,8.00
Kesehatan,Kesehatan Wanita,,10.00,8.00
Kesehatan,Kesehatan Wanita,Pereda Nyeri & Pelancar Menstruasi,7.50,7.50
Kesehatan,Kesehatan Wanita,Solusi Keputihan,10.00,8.00
Kesehatan,Kesehatan Wanita,Suplemen Kewanitaan,7.50,7.50
Kesehatan,Kesehatan Wanita,Suplemen Menopause,10.00,8.00
Kesehatan,Masker Medis & Pelindung Wajah,,7.50,7.50
Kesehatan,Masker Medis & Pelindung Wajah,Masker Medis,7.50,7.50
Kesehatan,Masker Medis & Pelindung Wajah,Pelindung Wajah,7.50,7.50
Kesehatan,Obat - Obatan,,7.50,7.50
Kesehatan,Obat - Obatan,Obat Alergi,7.50,7.50
Kesehatan,Obat - Obatan,Obat Anti Inflamasi,7.50,7.50
Kesehatan,Obat - Obatan,Obat Anti Nyeri,7.50,7.50
Kesehatan,Obat - Obatan,Obat Antibiotik & Anti jamur,7.50,7.50
Kesehatan,Obat - Obatan,Obat Antimalaria,7.50,7.50
Kesehatan,Obat - Obatan,Obat Antivirus,7.50,7.50
Kesehatan,Obat - Obatan,Obat Asma,7.50,7.50
Kesehatan,Obat - Obatan,Obat Batuk & Pilek,7.50,7.50
Kesehatan,Obat - Obatan,Obat Diabetes,7.50,7.50
Kesehatan,Obat - Obatan,"Obat Fertilitas, Hormon & Kontrasepsi",7.50,7.50
Kesehatan,Obat - Obatan,Obat Gangguan Saraf & Otak,7.50,7.50
Kesehatan,Obat - Obatan,Obat Herbal,7.50,7.50
Kesehatan,Obat - Obatan,Obat Hipertensi,7.50,7.50
Kesehatan,Obat - Obatan,Obat Ibu & Anak,7.50,7.50
Kesehatan,Obat - Obatan,Obat Jantung,7.50,7.50
Kesehatan,Obat - Obatan,Obat Jerawat,10.00,8.00
Kesehatan,Obat - Obatan,Obat Kanker,7.50,7.50
Kesehatan,Obat - Obatan,Obat Kolestrol,7.50,7.50
Kesehatan,Obat - Obatan,Obat Kulit & Rambut,7.50,7.50
Kesehatan,Obat - Obatan,Obat Mata,7.50,7.50
Kesehatan,Obat - Obatan,Obat Mual & Pencernaan,7.50,7.50
Kesehatan,Obat - Obatan,Obat Mulut,7.50,7.50
Kesehatan,Obat - Obatan,"Obat Otot, Tulang & Sendi",7.50,7.50
Kesehatan,Obat - Obatan,Obat Sakit Kepala & Demam,7.50,7.50
Kesehatan,Obat - Obatan,Obat Saluran Kemih & Prostat,7.50,7.50
Kesehatan,Obat - Obatan,Obat Telinga,7.50,7.50
Kesehatan,Perlengkapan Kebersihan,,7.50,7.50
Kesehatan,Perlengkapan Kebersihan,Contact Cleaner,7.50,7.50
Kesehatan,Perlengkapan Kebersihan,Deterjen Laundry,7.50,7.50
Kesehatan,Perlengkapan Kebersihan,Karbol,7.50,7.50
Kesehatan,Perlengkapan Kebersihan,Pembersih Toilet,7.50,7.50
Kesehatan,Perlengkapan Kebersihan,Pengharum Ruangan,7.50,7.50
Kesehatan,Perlengkapan Kebersihan,Pest Control,7.50,7.50
Kesehatan,Perlengkapan Kebersihan,Pewangi Pelembut Pakaian,7.50,7.50
Kesehatan,Perlengkapan Kebersihan,Sabun Cuci Piring,7.50,7.50
Kesehatan,Perlengkapan Kebersihan,Tissue,7.50,7.50
Kesehatan,Perlengkapan Kebersihan,Toilet Seat Spray,7.50,7.50
Kesehatan,Perlengkapan Medis,,7.50,7.50
Kesehatan,Perlengkapan Medis,Alat Bantu Pendengaran,7.50,7.50
Kesehatan,Perlengkapan Medis,Alat Bantu Penglihatan,7.50,7.50
Kesehatan,Perlengkapan Medis,Alat Bantu Pernafasan,7.50,7.50
Kesehatan,Perlengkapan Medis,Alat Diagnosa,7.50,7.50
Kesehatan,Perlengkapan Medis,Alat Diagnosa Antigen,7.50,7.50
Kesehatan,Perlengkapan Medis,Alat Laboratorium,7.50,7.50
Kesehatan,Perlengkapan Medis,Alat Pelangsing,7.50,7.50
Kesehatan,Perlengkapan Medis,Alat Penunjang Gerak,7.50,7.50
Kesehatan,Perlengkapan Medis,Alat Pijat,10.00,8.00
Kesehatan,Perlengkapan Medis,Alat Terapi,7.50,7.50
Kesehatan,Perlengkapan Medis,Behel,10.00,8.00
Kesehatan,Perlengkapan Medis,Diaper Dewasa,10.00,8.00
Kesehatan,Perlengkapan Medis,Disposable Consumable,7.50,7.50
Kesehatan,Perlengkapan Medis,Earmuff,10.00,8.00
Kesehatan,Perlengkapan Medis,Peralatan P3K,7.50,7.50
Kesehatan,Perlengkapan Medis,Peralatan Rumah Sakit Emergency,7.50,7.50
Kesehatan,Perlengkapan Medis,Seragam Medis,10.00,8.00
Kesehatan,Perlengkapan Medis,Termometer,7.50,7.50
Kesehatan,Perlengkapan Medis,Timbangan Badan,7.50,7.50
Kesehatan,Produk Dewasa,,7.50,7.50
Kesehatan,Produk Dewasa,Alat Bantu Seksual,7.50,7.50
Kesehatan,Produk Dewasa,Alat Kontrasepsi,7.50,7.50
Kesehatan,Produk Dewasa,Pelumas,7.50,7.50
Kesehatan,Produk Dewasa,Produk Dewasa Lainnya,7.50,7.50
Kesehatan,Produk Dewasa,Suplemen Vitalitas Pria,7.50,7.50
Kesehatan,Suplemen Diet,,7.50,7.50
Kesehatan,Suplemen Diet,Lainnya,7.50,7.50
Kesehatan,Suplemen Diet,Pelangsing Tubuh,7.50,7.50
Kesehatan,Suplemen Diet,Penambah Berat Badan,7.50,7.50
Kesehatan,Suplemen Diet,Suplemen Olahraga,7.50,7.50
Kesehatan,Tes Kehamilan dan Masa Subur,,7.50,7.50
Kesehatan,Tes Kehamilan dan Masa Subur,Tes Kehamilan,7.50,7.50
Kesehatan,Tes Kehamilan dan Masa Subur,Tes Masa Subur,7.50,7.50
Kesehatan,Tulang Otot & Sendi,,7.50,7.50
Kesehatan,Tulang Otot & Sendi,Balsam,7.50,7.50
Kesehatan,Tulang Otot & Sendi,Koyo,7.50,7.50
Kesehatan,Tulang Otot & Sendi,Minyak Pijat,10.00,8.00
Kesehatan,Tulang Otot & Sendi,Salep Otot,7.50,7.50
Kesehatan,Vitamin & Suplemen,,7.50,7.50
Kesehatan,Vitamin & Suplemen,Calcium,7.50,7.50
Kesehatan,Vitamin & Suplemen,Multivitamin,7.50,7.50
Kesehatan,Vitamin & Suplemen,Suplemen Vitamin Rambut,7.50,7.50
Kesehatan,Vitamin & Suplemen,Vitamin A,7.50,7.50
Kesehatan,Vitamin & Suplemen,Vitamin Anak,5.75,5.75
Kesehatan,Vitamin & Suplemen,Vitamin B,7.50,7.50
Kesehatan,Vitamin & Suplemen,Vitamin Bayi,5.75,5.75
Kesehatan,Vitamin & Suplemen,Vitamin C,7.50,7.50
Kesehatan,Vitamin & Suplemen,Vitamin D,7.50,7.50
Kesehatan,Vitamin & Suplemen,Vitamin E,7.50,7.50
Kesehatan,Vitamin & Suplemen,Vitamin Ibu Hamil,7.50,7.50
Komputer & Laptop,,,5.75,5.75
Komputer & Laptop,Aksesoris Komputer & Laptop,,5.75,5.75
Komputer & Laptop,Aksesoris Komputer & Laptop,Adaptor Laptop,5.75,5.75
Komputer & Laptop,Aksesoris Komputer & Laptop,Alas Laptop,5.75,5.75
Komputer & Laptop,Aksesoris Komputer & Laptop,Card Readers,5.75,5.75
Komputer & Laptop,Aksesoris Komputer & Laptop,Cooling Pad,4.25,4.25
Komputer & Laptop,Aksesoris Komputer & Laptop,Drawing Tablet,5.75,5.75
Komputer & Laptop,Aksesoris Komputer & Laptop,Kabel & Konektor,5.75,5.75
Komputer & Laptop,Aksesoris Komputer & Laptop,Keyboard,4.25,4.25
Komputer & Laptop,Aksesoris Komputer & Laptop,Keypad,4.25,4.25
Komputer & Laptop,Aksesoris Komputer & Laptop,Lainnya,5.75,5.75
Komputer & Laptop,Aksesoris Komputer & Laptop,Laptop Case,5.75,5.75
Komputer & Laptop,Aksesoris Komputer & Laptop,Laptop Sleeve,5.75,5.75
Komputer & Laptop,Aksesoris Komputer & Laptop,Laser Pointer,4.25,4.25
Komputer & Laptop,Aksesoris Komputer & Laptop,Meja Laptop,5.75,5.75
Komputer & Laptop,Aksesoris Komputer & Laptop,Mouse,4.25,4.25
Komputer & Laptop,Aksesoris Komputer & Laptop,Mouse & Keyboard Bundle,4.25,4.25
Komputer & Laptop,Aksesoris Komputer & Laptop,Mousepad,5.75,5.75
Komputer & Laptop,Aksesoris Komputer & Laptop,Protector Laptop,5.75,5.75
Komputer & Laptop,Aksesoris Komputer & Laptop,Skin Laptop,5.75,5.75
Komputer & Laptop,Aksesoris Komputer & Laptop,Stylus Pen Digital (Laptop & PC),10.00,8.00
Komputer & Laptop,Aksesoris Komputer & Laptop,TV Card & Tuner,4.25,4.25
Komputer & Laptop,Aksesoris Komputer & Laptop,Tas Laptop,10.00,8.00
Komputer & Laptop,Aksesoris Komputer & Laptop,Webcam,5.75,5.75
Komputer & Laptop,Aksesoris PC Gaming,,5.75,5.75
Komputer & Laptop,Aksesoris PC Gaming,Game Capture Card & Stream Deck,4.25,4.25
Komputer & Laptop,Aksesoris PC Gaming,Gaming Mouse & Keyboard Bundle,4.25,4.25
Komputer & Laptop,Aksesoris PC Gaming,Gamingpad & Joystick PC,7.50,7.50
Komputer & Laptop,Aksesoris PC Gaming,Headset Gaming,5.75,5.75
Komputer & Laptop,Aksesoris PC Gaming,Joystick & Wheel,7.50,7.50
Komputer & Laptop,Aksesoris PC Gaming,Keyboard Gaming,4.25,4.25
Komputer & Laptop,Aksesoris PC Gaming,Keyboard Keycaps & Switch,4.25,4.25
Komputer & Laptop,Aksesoris PC Gaming,Kursi Gaming,7.50,7.50
Komputer & Laptop,Aksesoris PC Gaming,Meja Gaming,10.00,8.00
Komputer & Laptop,Aksesoris PC Gaming,Memory Card Gaming,4.25,4.25
Komputer & Laptop,Aksesoris PC Gaming,Microphone Gaming & Streaming,5.75,5.75
Komputer & Laptop,Aksesoris PC Gaming,Mouse Gaming,4.25,4.25
Komputer & Laptop,Aksesoris PC Gaming,Mouse Pad Gaming,5.75,5.75
Komputer & Laptop,Aksesoris PC Gaming,Steering Wheel,4.25,4.25
Komputer & Laptop,Desktop & Mini PC,,4.25,4.25
Komputer & Laptop,Desktop & Mini PC,Desktop All-in-One,4.25,4.25
Komputer & Laptop,Desktop & Mini PC,Desktop Tower,4.25,4.25
Komputer & Laptop,Desktop & Mini PC,Komputer Rakitan,4.25,4.25
Komputer & Laptop,Desktop & Mini PC,Mini PC,4.25,4.25
Komputer & Laptop,Kabel & Adaptor,,5.75,5.75
Komputer & Laptop,Kabel & Adaptor,Kabel DVI,5.75,5.75
Komputer & Laptop,Kabel & Adaptor,Kabel Ethernet,5.75,5.75
Komputer & Laptop,Kabel & Adaptor,Kabel FireWire,5.75,5.75
Komputer & Laptop,Kabel & Adaptor,Kabel Front Panel,5.75,5.75
Komputer & Laptop,Kabel & Adaptor,Kabel HDMI,5.75,5.75
Komputer & Laptop,Kabel & Adaptor,Kabel IDE,5.75,5.75
Komputer & Laptop,Kabel & Adaptor,Kabel LAN,5.75,5.75
Komputer & Laptop,Kabel & Adaptor,Kabel Power CPU,5.75,5.75
Komputer & Laptop,Kabel & Adaptor,Kabel SATA & eSATA,5.75,5.75
Komputer & Laptop,Kabel & Adaptor,Kabel USB,10.00,8.00
Komputer & Laptop,Kabel & Adaptor,Kabel UTP,5.75,5.75
Komputer & Laptop,Kabel & Adaptor,Kabel VGA,5.75,5.75
Komputer & Laptop,Kabel & Adaptor,USB Hub & Extension,5.75,5.75
Komputer & Laptop,Komponen Komputer,,4.25,4.25
Komputer & Laptop,Komponen Komputer,CPU Processor,4.25,4.25
Komputer & Laptop,Komponen Komputer,Casing Komputer,4.25,4.25
Komputer & Laptop,Komponen Komputer,Internal Fan & Cooler,4.25,4.25
Komputer & Laptop,Komponen Komputer,Internal Power Supply,4.25,4.25
Komputer & Laptop,Komponen Komputer,Motherboard,4.25,4.25
Komputer & Laptop,Komponen Komputer,Motherboard AMD,4.25,4.25
Komputer & Laptop,Komponen Komputer,Optical Drive,4.25,4.25
Komputer & Laptop,Komponen Komputer,Port USB & Audio,5.75,5.75
Komputer & Laptop,Komponen Komputer,RAM Komputer,4.25,4.25
Komputer & Laptop,Komponen Komputer,Sound Card,4.25,4.25
Komputer & Laptop,Komponen Komputer,Stabilizer Komputer,4.25,4.25
Komputer & Laptop,Komponen Komputer,Thermal Paste,4.25,4.25
Komputer & Laptop,Komponen Komputer,UPS,4.25,4.25
Komputer & Laptop,Komponen Komputer,VGA Card,4.25,4.25
Komputer & Laptop,Komponen Laptop,,4.25,4.25
Komputer & Laptop,Komponen Laptop,Baterai Laptop,4.25,4.25
Komputer & Laptop,Komponen Laptop,Cooling Fan Laptop,4.25,4.25
Komputer & Laptop,Komponen Laptop,Keyboard Laptop,4.25,4.25
Komputer & Laptop,Komponen Laptop,LCD Laptop,4.25,4.25
Komputer & Laptop,Komponen Laptop,Mainboard Laptop,4.25,4.25
Komputer & Laptop,Komponen Laptop,Processor Laptop,4.25,4.25
Komputer & Laptop,Komponen Laptop,RAM Laptop,4.25,4.25
Komputer & Laptop,Laptop,,4.25,4.25
Komputer & Laptop,Laptop,Laptop 2 in 1,4.25,4.25
Komputer & Laptop,Laptop,Laptop Consumer,4.25,4.25
Komputer & Laptop,Laptop,Macbook,4.25,4.25
Komputer & Laptop,Laptop,Notebook,4.25,4.25
Komputer & Laptop,Laptop,Ultrabook,4.25,4.25
Komputer & Laptop,Media Penyimpanan Data,,4.25,4.25
Komputer & Laptop,Media Penyimpanan Data,CD & DVD Kosong,4.25,4.25
Komputer & Laptop,Media Penyimpanan Data,Disket,4.25,4.25
Komputer & Laptop,Media Penyimpanan Data,Harddisk External,4.25,4.25
Komputer & Laptop,Media Penyimpanan Data,Harddisk Internal,4.25,4.25
Komputer & Laptop,Media Penyimpanan Data,Lainnya,4.25,4.25
Komputer & Laptop,Media Penyimpanan Data,Network Attach Storage (NAS),4.25,4.25
Komputer & Laptop,Media Penyimpanan Data,SSD,4.25,4.25
Komputer & Laptop,Media Penyimpanan Data,Storage Cases & Docking,4.25,4.25
Komputer & Laptop,Media Penyimpanan Data,USB Flash Disk,4.25,4.25
Komputer & Laptop,Memory Card,,4.25,4.25
Komputer & Laptop,Memory Card,Case Memory Card,4.25,4.25
Komputer & Laptop,Memory Card,Compact Flash,4.25,4.25
Komputer & Laptop,Memory Card,MMC,4.25,4.25
Komputer & Laptop,Memory Card,Memory Card Adapter,4.25,4.25
Komputer & Laptop,Memory Card,Memory Stick Micro M2,4.25,4.25
Komputer & Laptop,Memory Card,Memory Stick Pro Duo,4.25,4.25
Komputer & Laptop,Memory Card,Memory Stick Pro-HG Duo,4.25,4.25
Komputer & Laptop,Memory Card,SD Card,4.25,4.25
Komputer & Laptop,Memory Card,microSD Card,4.25,4.25
Komputer & Laptop,Memory Card,miniSD Card,4.25,4.25
Komputer & Laptop,Monitor,,4.25,4.25
Komputer & Laptop,Monitor,Monitor LCD,4.25,4.25
Komputer & Laptop,Monitor,Monitor LED,4.25,4.25
Komputer & Laptop,Monitor,Monitor Tabung,4.25,4.25
Komputer & Laptop,Networking,,5.75,5.75
Komputer & Laptop,Networking,Adapter,5.75,5.75
Komputer & Laptop,Networking,KVM Switch,5.75,5.75
Komputer & Laptop,Networking,Modem Pool,5.75,5.75
Komputer & Laptop,Networking,Modem USB,5.75,5.75
Komputer & Laptop,Networking,Modem Wifi,5.75,5.75
Komputer & Laptop,Networking,Network Card,5.75,5.75
Komputer & Laptop,Networking,Network Transceiver,5.75,5.75
Komputer & Laptop,Networking,Optical Power Meter,7.50,7.50
Komputer & Laptop,Networking,Penguat Sinyal,5.75,5.75
Komputer & Laptop,Networking,Power Over Ethernet,5.75,5.75
Komputer & Laptop,Networking,Powerline,5.75,5.75
Komputer & Laptop,Networking,Print Server,5.75,5.75
Komputer & Laptop,Networking,Router,5.75,5.75
Komputer & Laptop,Networking,Switch Internet,5.75,5.75
Komputer & Laptop,PC & Laptop Gaming,,4.25,4.25
Komputer & Laptop,PC & Laptop Gaming,Laptop Gaming,4.25,4.25
Komputer & Laptop,PC & Laptop Gaming,PC Gaming,4.25,4.25
Komputer & Laptop,Printer,,4.25,4.25
Komputer & Laptop,Printer,Printer All in One,4.25,4.25
Komputer & Laptop,Printer,Printer Barcode,4.25,4.25
Komputer & Laptop,Printer,Printer Dot Matrix,4.25,4.25
Komputer & Laptop,Printer,Printer Ink Jet,4.25,4.25
Komputer & Laptop,Printer,Printer Laser Color,4.25,4.25
Komputer & Laptop,Printer,Printer Laser Mono,4.25,4.25
Komputer & Laptop,Printer,Printer Thermal,4.25,4.25
Komputer & Laptop,Printer,Scanner,4.25,4.25
Komputer & Laptop,Printer,Spare part Printer,4.25,4.25
Komputer & Laptop,Printer,Tinta Printer,4.25,4.25
Komputer & Laptop,Printer,Toner Printer,4.25,4.25
Komputer & Laptop,Proyektor & Aksesoris,,4.25,4.25
Komputer & Laptop,Proyektor & Aksesoris,LED Proyektor,4.25,4.25
Komputer & Laptop,Proyektor & Aksesoris,Layar Proyektor,4.25,4.25
Komputer & Laptop,Software,,5.75,5.75
Komputer & Laptop,Software,Anti-Virus,5.75,5.75
Komputer & Laptop,Software,Edukasi,5.75,5.75
Komputer & Laptop,Software,Multimedia,5.75,5.75
Komputer & Laptop,Software,Sistem Operasi,5.75,5.75
Komputer & Laptop,Software,Work Services,5.75,5.75
Logam Mulia,,,4.25,4.25
Mainan & Hobi,,,0.00,0.00
Mainan & Hobi,Aksesoris Airsoft,,0.00,0.00
Mainan & Hobi,Aksesoris Airsoft,BB & Gas Airsoft,10.00,8.00
Mainan & Hobi,Aksesoris Airsoft,"Baju, Rompi & Celana Airsoft",10.00,8.00
Mainan & Hobi,Aksesoris Airsoft,Baterai & Charger Airsoft,10.00,8.00
Mainan & Hobi,Aksesoris Airsoft,Goggle & Kacamata Airsoft,10.00,8.00
Mainan & Hobi,Aksesoris Airsoft,Helm & Topi Airsoft,10.00,8.00
Mainan & Hobi,Aksesoris Airsoft,"Holster, Case & Tas Airsoft",10.00,8.00
Mainan & Hobi,Aksesoris Airsoft,Pad & Glove Airsoft,10.00,8.00
Mainan & Hobi,Aksesoris Airsoft,"Scope, Spring & Magazine Airsoft",10.00,8.00
Mainan & Hobi,Aksesoris Airsoft,Sepatu Airsoft,10.00,8.00
Mainan & Hobi,Aksesoris Airsoft,Topeng & Balaclava Airsoft,10.00,8.00
Mainan & Hobi,Board Game,,0.00,0.00
Mainan & Hobi,Board Game,Board Game Accessories,7.50,7.50
Mainan & Hobi,Board Game,Family & Kids Games,7.50,7.50
Mainan & Hobi,Board Game,Party Games,7.50,7.50
Mainan & Hobi,Board Game,Roleplay Games,7.50,7.50
Mainan & Hobi,Board Game,Strategy Games,7.50,7.50
Mainan & Hobi,Boneka,,0.00,0.00
Mainan & Hobi,Boneka,Boneka Bantal,7.50,7.50
Mainan & Hobi,Boneka,Boneka Beruang,7.50,7.50
Mainan & Hobi,Boneka,Boneka Binatang,7.50,7.50
Mainan & Hobi,Boneka,Boneka Edukasi,7.50,7.50
Mainan & Hobi,Boneka,Boneka Karakter,7.50,7.50
Mainan & Hobi,Boneka,Boneka Rajut,7.50,7.50
Mainan & Hobi,Boneka,Boneka Wisuda,7.50,7.50
Mainan & Hobi,Boneka,Rumah Boneka,7.50,7.50
Mainan & Hobi,Diecast,,0.00,0.00
Mainan & Hobi,Diecast,Bangunan & Track Diecast,7.50,7.50
Mainan & Hobi,Diecast,Diecast Bus,7.50,7.50
Mainan & Hobi,Diecast,Diecast Kapal,7.50,7.50
Mainan & Hobi,Diecast,Diecast Kendaraan Publik,7.50,7.50
Mainan & Hobi,Diecast,Diecast Militer,7.50,7.50
Mainan & Hobi,Diecast,Diecast Mobil,7.50,7.50
Mainan & Hobi,Diecast,Diecast Motor & Sepeda,7.50,7.50
Mainan & Hobi,Diecast,Diecast Organizer,7.50,7.50
Mainan & Hobi,Diecast,Diecast Pesawat,7.50,7.50
Mainan & Hobi,Diecast,Diecast Set,7.50,7.50
Mainan & Hobi,Diecast,Diecast Truk & Konstruksi,7.50,7.50
Mainan & Hobi,Figure,,0.00,0.00
Mainan & Hobi,Figure,Action Figure,7.50,7.50
Mainan & Hobi,Figure,Bobble Head,7.50,7.50
Mainan & Hobi,Figure,Figure Set,7.50,7.50
Mainan & Hobi,Figure,Funko Pop,7.50,7.50
Mainan & Hobi,Figure,Miniatur,7.50,7.50
Mainan & Hobi,Figure,Super Deformed Figure,7.50,7.50
Mainan & Hobi,Gag & Prank Toy,,0.00,0.00
Mainan & Hobi,Kostum,,0.00,0.00
Mainan & Hobi,Kostum,Kostum Pria,10.00,8.00
Mainan & Hobi,Kostum,Kostum Wanita,10.00,8.00
Mainan & Hobi,Mainan Anak - Anak,,0.00,0.00
Mainan & Hobi,Mainan Anak - Anak,Alat Masak Mainan,7.50,7.50
Mainan & Hobi,Mainan Anak - Anak,Beads Anak,7.50,7.50
Mainan & Hobi,Mainan Anak - Anak,Easel Anak,7.50,7.50
Mainan & Hobi,Mainan Anak - Anak,Flash Card Anak,7.50,7.50
Mainan & Hobi,Mainan Anak - Anak,Loom Bands,4.25,4.25
Mainan & Hobi,Mainan Anak - Anak,Magnetic Drawing,7.50,7.50
Mainan & Hobi,Mainan Anak - Anak,Mainan Berhitung,7.50,7.50
Mainan & Hobi,Mainan Anak - Anak,Mainan Dokter,7.50,7.50
Mainan & Hobi,Mainan Anak - Anak,Mainan Kasir,7.50,7.50
Mainan & Hobi,Mainan Anak - Anak,Mainan Kuda,10.00,8.00
Mainan & Hobi,Mainan Anak - Anak,Mainan Make Up,7.50,7.50
Mainan & Hobi,Mainan Anak - Anak,Mainan Montessori,7.50,7.50
Mainan & Hobi,Mainan Anak - Anak,Mainan Salon,7.50,7.50
Mainan & Hobi,Mainan Anak - Anak,Mandi Bola,10.00,8.00
Mainan & Hobi,Mainan Anak - Anak,Plastisin Lilin Mainan,7.50,7.50
Mainan & Hobi,Mainan Anak - Anak,Ring Donat,7.50,7.50
Mainan & Hobi,Mainan Anak - Anak,Tanah Liat,7.50,7.50
Mainan & Hobi,Mainan Bayi,,0.00,0.00
Mainan & Hobi,Mainan Bayi,Mainan Edukasi & Musikal Bayi,10.00,8.00
Mainan & Hobi,Mainan Bayi,Mainan Gigi Bayi,10.00,8.00
Mainan & Hobi,Mainan Bayi,Mainan Luar Ruang Bayi,10.00,8.00
Mainan & Hobi,Mainan Bayi,Mainan Mandi Bayi,10.00,8.00
Mainan & Hobi,Mainan Remote Control,,0.00,0.00
Mainan & Hobi,Mainan Remote Control,Dance Pad,7.50,7.50
Mainan & Hobi,Mainan Remote Control,Helikopter RC,7.50,7.50
Mainan & Hobi,Mainan Remote Control,Hoverboard,7.50,7.50
Mainan & Hobi,Mainan Remote Control,Kapal RC,7.50,7.50
Mainan & Hobi,Mainan Remote Control,Kereta Api Track Set,7.50,7.50
Mainan & Hobi,Mainan Remote Control,Mainan Karaoke Anak,7.50,7.50
Mainan & Hobi,Mainan Remote Control,Mainan Robot,7.50,7.50
Mainan & Hobi,Mainan Remote Control,Mobil & Truk RC,7.50,7.50
Mainan & Hobi,Mainan Remote Control,Part RC,7.50,7.50
Mainan & Hobi,Mainan Remote Control,Pesawat RC,7.50,7.50
Mainan & Hobi,Mainan Remote Control,Piano Anak,7.50,7.50
Mainan & Hobi,Mainan Remote Control,Segway,10.00,8.00
Mainan & Hobi,Model Kit,,0.00,0.00
Mainan & Hobi,Model Kit,Brick,7.50,7.50
Mainan & Hobi,Model Kit,Mecha Model (Gunpla),7.50,7.50
Mainan & Hobi,Model Kit,Part Mini 4WD (Tamiya),7.50,7.50
Mainan & Hobi,Model Kit,Tool & Kit Mecha Model (Gunpla),7.50,7.50
Mainan & Hobi,Model Kit,Vehicle Model (Tamiya),7.50,7.50
Mainan & Hobi,Perlengkapan Sulap,,0.00,0.00
Mainan & Hobi,Permainan Kartu,,0.00,0.00
Mainan & Hobi,Permainan Kartu,Playing Card,7.50,7.50
Mainan & Hobi,Permainan Kartu,Trading Card Game (TCG & CCG),7.50,7.50
Mainan & Hobi,Permainan Tradisional,,0.00,0.00
Mainan & Hobi,Permainan Tradisional,Bola & Biji Bekel,7.50,7.50
Mainan & Hobi,Permainan Tradisional,Congklak,7.50,7.50
Mainan & Hobi,Permainan Tradisional,Kelereng,7.50,7.50
Mainan & Hobi,Permainan Tradisional,Ketapel,7.50,7.50
Mainan & Hobi,Permainan Tradisional,Mahjong,7.50,7.50
Mainan & Hobi,Permainan Tradisional,gasing,7.50,7.50
Mainan & Hobi,Puzzle,,0.00,0.00
Mainan & Hobi,Puzzle,3D Puzzle,7.50,7.50
Mainan & Hobi,Puzzle,Jigsaw Puzzle,7.50,7.50
Mainan & Hobi,Puzzle,Puzzle Lantai,7.50,7.50
Mainan & Hobi,Puzzle,Rubik,7.50,7.50
Mainan & Hobi,Puzzle,Scrabbles,7.50,7.50
Mainan & Hobi,Puzzle,Sudoku,7.50,7.50
Mainan & Hobi,Puzzle,Wooden Puzzle,7.50,7.50
Mainan & Hobi,Stress Relieve Toys,,0.00,0.00
Mainan & Hobi,Stress Relieve Toys,Fidget Cube,7.50,7.50
Mainan & Hobi,Stress Relieve Toys,Fidget Spinner,7.50,7.50
Mainan & Hobi,Stress Relieve Toys,Slime,7.50,7.50
Mainan & Hobi,Stress Relieve Toys,Squishy,7.50,7.50
Makanan & Minuman,,,7.50,7.50
Makanan & Minuman,Bahan Kue,,5.75,5.75
Makanan & Minuman,Bahan Kue,Bahan Puding & Agar - Agar,10.00,8.00
Makanan & Minuman,Bahan Kue,Baking Powder,5.75,5.75
Makanan & Minuman,Bahan Kue,Baking Soda,5.75,5.75
Makanan & Minuman,Bahan Kue,Coklat Bubuk,5.75,5.75
Makanan & Minuman,Bahan Kue,Coklat Masak,5.75,5.75
Makanan & Minuman,Bahan Kue,Pastry & Olahan Tepung Lainnya,7.50,7.50
Makanan & Minuman,Bahan Kue,Perisa Makanan,5.75,5.75
Makanan & Minuman,Bahan Kue,Pewarna Makanan,5.75,5.75
Makanan & Minuman,Bahan Kue,Ragi,5.75,5.75
Makanan & Minuman,Bahan Kue,Topping & Penghias Kue,5.75,5.75
Makanan & Minuman,"Beras, Shirataki dan Porang",,5.75,5.75
Makanan & Minuman,"Beras, Shirataki dan Porang",Beras Hitam,5.75,5.75
Makanan & Minuman,"Beras, Shirataki dan Porang",Beras Ketan,5.75,5.75
Makanan & Minuman,"Beras, Shirataki dan Porang",Beras Merah,5.75,5.75
Makanan & Minuman,"Beras, Shirataki dan Porang",Beras Putih,5.75,5.75
Makanan & Minuman,Buah,,5.75,5.75
Makanan & Minuman,Buah,Buah Beku,5.75,5.75
Makanan & Minuman,Buah,Buah-buahan,5.75,5.75
Makanan & Minuman,Bumbu & Bahan Masakan,,5.75,5.75
Makanan & Minuman,Bumbu & Bahan Masakan,Aneka Sambal,5.75,5.75
Makanan & Minuman,Bumbu & Bahan Masakan,Bawang,5.75,5.75
Makanan & Minuman,Bumbu & Bahan Masakan,Bumbu Masak Instan,5.75,5.75
Makanan & Minuman,Bumbu & Bahan Masakan,Cuka,5.75,5.75
Makanan & Minuman,Bumbu & Bahan Masakan,Garam & Merica,5.75,5.75
Makanan & Minuman,Bumbu & Bahan Masakan,Gula,5.75,5.75
Makanan & Minuman,Bumbu & Bahan Masakan,Kaldu & Penyedap Rasa,5.75,5.75
Makanan & Minuman,Bumbu & Bahan Masakan,Kecap,5.75,5.75
Makanan & Minuman,Bumbu & Bahan Masakan,Mayonnaise,5.75,5.75
Makanan & Minuman,Bumbu & Bahan Masakan,Minyak,5.75,5.75
Makanan & Minuman,Bumbu & Bahan Masakan,Rempah,5.75,5.75
Makanan & Minuman,Bumbu & Bahan Masakan,Santan,5.75,5.75
Makanan & Minuman,Bumbu & Bahan Masakan,Saus & Dressing,5.75,5.75
Makanan & Minuman,Bumbu & Bahan Masakan,Terasi,5.75,5.75
Makanan & Minuman,Daging,,5.75,5.75
Makanan & Minuman,Daging,Baso,5.75,5.75
Makanan & Minuman,Daging,Daging Ayam,5.75,5.75
Makanan & Minuman,Daging,Daging Kambing,5.75,5.75
Makanan & Minuman,Daging,Daging Lainnya,5.75,5.75
Makanan & Minuman,Daging,Daging Sapi,5.75,5.75
Makanan & Minuman,Daging,Nuggets,5.75,5.75
Makanan & Minuman,Daging,Sosis,5.75,5.75
Makanan & Minuman,"Hampers, Parsel, dan Paket Makanan",,7.50,7.50
Makanan & Minuman,"Hampers, Parsel, dan Paket Makanan",Hampers & Parcel Buah,7.50,7.50
Makanan & Minuman,"Hampers, Parsel, dan Paket Makanan",Hampers & Parcel Coklat,7.50,7.50
Makanan & Minuman,"Hampers, Parsel, dan Paket Makanan",Hampers & Parcel Kue Kering,7.50,7.50
Makanan & Minuman,"Hampers, Parsel, dan Paket Makanan",Hampers & Parcel Makanan,7.50,7.50
Makanan & Minuman,"Hampers, Parsel, dan Paket Makanan",Paket Sembako,7.50,7.50
Makanan & Minuman,Kue,,7.50,7.50
Makanan & Minuman,Kue,Dessert,7.50,7.50
Makanan & Minuman,Kue,Kue Basah,7.50,7.50
Makanan & Minuman,Kue,Kue Kering,7.50,7.50
Makanan & Minuman,Kue,Kue Ulang Tahun,7.50,7.50
Makanan & Minuman,Makanan Jadi,,7.50,7.50
Makanan & Minuman,Makanan Jadi,Buah Kaleng,7.50,7.50
Makanan & Minuman,Makanan Jadi,Buah Olahan,7.50,7.50
Makanan & Minuman,Makanan Jadi,Daging Kaleng,7.50,7.50
Makanan & Minuman,Makanan Jadi,Ikan Kaleng,7.50,7.50
Makanan & Minuman,Makanan Jadi,Makanan Instan Kaleng,7.50,7.50
Makanan & Minuman,Makanan Jadi,Ready to Cook (Siap Masak),7.50,7.50
Makanan & Minuman,Makanan Jadi,Ready to Eat (Siap Makan),7.50,7.50
Makanan & Minuman,Makanan Kering,,5.75,5.75
Makanan & Minuman,Makanan Kering,Abon,5.75,5.75
Makanan & Minuman,Makanan Kering,Bawang Goreng,5.75,5.75
Makanan & Minuman,Makanan Kering,Biji-bijian,10.00,8.00
Makanan & Minuman,Makanan Kering,Daging Kering & Asin,5.75,5.75
Makanan & Minuman,Makanan Kering,Kerupuk,10.00,8.00
Makanan & Minuman,Makanan Kering,Quinoa,10.00,8.00
Makanan & Minuman,Makanan Ringan,,10.00,8.00
Makanan & Minuman,Makanan Ringan,Biskuit & Wafer,10.00,8.00
Makanan & Minuman,Makanan Ringan,Camilan Beku,5.75,5.75
Makanan & Minuman,Makanan Ringan,Camilan Instant,7.50,7.50
Makanan & Minuman,Makanan Ringan,Cokelat,7.50,7.50
Makanan & Minuman,Makanan Ringan,Kacang,10.00,8.00
Makanan & Minuman,Makanan Ringan,Keripik,10.00,8.00
Makanan & Minuman,Makanan Ringan,Permen,7.50,7.50
Makanan & Minuman,Makanan Ringan,Puding & Jelly,10.00,8.00
Makanan & Minuman,Makanan Sarapan,,5.75,5.75
Makanan & Minuman,Makanan Sarapan,Granola,5.75,5.75
Makanan & Minuman,Makanan Sarapan,Meses,5.75,5.75
Makanan & Minuman,Makanan Sarapan,Muesli,5.75,5.75
Makanan & Minuman,Makanan Sarapan,Oat,5.75,5.75
Makanan & Minuman,Makanan Sarapan,Roti,7.50,7.50
Makanan & Minuman,Makanan Sarapan,Selai,5.75,5.75
Makanan & Minuman,Makanan Sarapan,Sereal,5.75,5.75
Makanan & Minuman,Mie & Pasta,,5.75,5.75
Makanan & Minuman,Mie & Pasta,Aneka Pasta,5.75,5.75
Makanan & Minuman,Mie & Pasta,Bihun & Soun,5.75,5.75
Makanan & Minuman,Mie & Pasta,Kwetiau,5.75,5.75
Makanan & Minuman,Mie & Pasta,Mie Impor,5.75,5.75
Makanan & Minuman,Mie & Pasta,Mie Instan,5.75,5.75
Makanan & Minuman,Mie & Pasta,Mie Telur,5.75,5.75
Makanan & Minuman,Minuman,,7.50,7.50
Makanan & Minuman,Minuman,Air Mineral,7.50,7.50
Makanan & Minuman,Minuman,Apple Cider Vinegar,5.75,5.75
Makanan & Minuman,Minuman,Bubuk Minuman Lainnya,7.50,7.50
Makanan & Minuman,Minuman,Energy Drink,7.50,7.50
Makanan & Minuman,Minuman,Jus,7.50,7.50
Makanan & Minuman,Minuman,Kental Manis,7.50,7.50
Makanan & Minuman,Minuman,Kopi,7.50,7.50
Makanan & Minuman,Minuman,Kopi Bubuk,7.50,7.50
Makanan & Minuman,Minuman,Kopi Kemasan,7.50,7.50
Makanan & Minuman,Minuman,Krimer,7.50,7.50
Makanan & Minuman,Minuman,Madu,5.75,5.75
Makanan & Minuman,Minuman,Minuman Tradisional,7.50,7.50
Makanan & Minuman,Minuman,Ready to Drink (Siap Minum),7.50,7.50
Makanan & Minuman,Minuman,Sirup,7.50,7.50
Makanan & Minuman,Minuman,Soft Drink,7.50,7.50
Makanan & Minuman,Minuman,Teh,7.50,7.50
Makanan & Minuman,Minuman,Beralkohol,7.50,7.50
Makanan & Minuman,Minuman,Beralkohol Beer,7.50,7.50
Makanan & Minuman,Minuman,Beralkohol Gin,7.50,7.50
Makanan & Minuman,Minuman,Beralkohol Lain,7.50,7.50
Makanan & Minuman,Minuman,Beralkohol Rum,7.50,7.50
Makanan & Minuman,Minuman,Beralkohol Sake,7.50,7.50
Makanan & Minuman,Minuman,Beralkohol Soju,7.50,7.50
Makanan & Minuman,Minuman,Beralkohol Tequila,7.50,7.50
Makanan & Minuman,Minuman,Beralkohol Vodka,7.50,7.50
Makanan & Minuman,Minuman,Beralkohol Whiskey,7.50,7.50
Makanan & Minuman,Minuman,Beralkohol Wine,7.50,7.50
Makanan & Minuman,Produk Mengandung Babi,,5.75,5.75
Makanan & Minuman,Produk Mengandung Babi,Bumbu Masak Non Halal,5.75,5.75
Makanan & Minuman,Produk Mengandung Babi,Daging Babi,5.75,5.75
Makanan & Minuman,Produk Mengandung Babi,Olahan Daging Non Halal,5.75,5.75
Makanan & Minuman,Produk Mengandung Babi,Ready To Eat Non Halal,7.50,7.50
Makanan & Minuman,Sayur,,5.75,5.75
Makanan & Minuman,Sayur,Cabe,5.75,5.75
Makanan & Minuman,Sayur,Jamur,5.75,5.75
Makanan & Minuman,Sayur,Paket Sayur,5.75,5.75
Makanan & Minuman,Sayur,Sayuran Beku,5.75,5.75
Makanan & Minuman,Sayur,Sayuran Buah,5.75,5.75
Makanan & Minuman,Sayur,Sayuran Hijau,5.75,5.75
Makanan & Minuman,Sayur,Tahu & Tempe,5.75,5.75
Makanan & Minuman,Seafood,,5.75,5.75
Makanan & Minuman,Seafood,Cumi,5.75,5.75
Makanan & Minuman,Seafood,Ikan Air Laut,5.75,5.75
Makanan & Minuman,Seafood,Ikan Air Tawar,5.75,5.75
Makanan & Minuman,Seafood,Kerang,5.75,5.75
Makanan & Minuman,Seafood,Seafood Lainnya,5.75,5.75
Makanan & Minuman,Seafood,Udang,5.75,5.75
Makanan & Minuman,Susu & Olahan Susu,,7.50,7.50
Makanan & Minuman,Susu & Olahan Susu,Keju,7.50,7.50
Makanan & Minuman,Susu & Olahan Susu,Mentega & Butter,7.50,7.50
Makanan & Minuman,Susu & Olahan Susu,Susu Bubuk Dewasa,7.50,7.50
Makanan & Minuman,Susu & Olahan Susu,Susu Lansia,7.50,7.50
Makanan & Minuman,Susu & Olahan Susu,Susu Non-Dairy,7.50,7.50
Makanan & Minuman,Susu & Olahan Susu,Susu UHT,7.50,7.50
Makanan & Minuman,Susu & Olahan Susu,Susu segar & Pasteurisasi,7.50,7.50
Makanan & Minuman,Susu & Olahan Susu,Whip Cream,7.50,7.50
Makanan & Minuman,Susu & Olahan Susu,Yogurt,7.50,7.50
Makanan & Minuman,Telur,,5.75,5.75
Makanan & Minuman,Telur,Telur Ayam,5.75,5.75
Makanan & Minuman,Telur,Telur Bebek,5.75,5.75
Makanan & Minuman,Telur,Telur Puyuh,5.75,5.75
Makanan & Minuman,Tepung,,5.75,5.75
Makanan & Minuman,Tepung,Tepung Beras & Ketan,5.75,5.75
Makanan & Minuman,Tepung,Tepung Bumbu & Tepung Siap Pakai,5.75,5.75
Makanan & Minuman,Tepung,Tepung Jagung,5.75,5.75
Makanan & Minuman,Tepung,Tepung Kentang,5.75,5.75
Makanan & Minuman,Tepung,Tepung Roti - Panir,5.75,5.75
Makanan & Minuman,Tepung,Tepung Sagu,5.75,5.75
Makanan & Minuman,Tepung,Tepung Tapioka,5.75,5.75
Makanan & Minuman,Tepung,Tepung Terigu & Gandum,5.75,5.75
Office & Stationery,,,10.00,8.00
Office & Stationery,Alat Tulis,,10.00,8.00
Office & Stationery,Alat Tulis,Correction (Tip-Ex),10.00,8.00
Office & Stationery,Alat Tulis,Highlighter,10.00,8.00
Office & Stationery,Alat Tulis,Jangka,10.00,8.00
Office & Stationery,Alat Tulis,Kaca Pembesar,7.50,7.50
Office & Stationery,Alat Tulis,Kapur Tulis,10.00,8.00
Office & Stationery,Alat Tulis,Paket Alat Tulis,10.00,8.00
Office & Stationery,Alat Tulis,Papan Jalan,10.00,8.00
Office & Stationery,Alat Tulis,Papan Tulis & Tempel,10.00,8.00
Office & Stationery,Alat Tulis,Penggaris,10.00,8.00
Office & Stationery,Alat Tulis,Penghapus,10.00,8.00
Office & Stationery,Alat Tulis,Pensil,10.00,8.00
Office & Stationery,Alat Tulis,Pulpen,10.00,8.00
Office & Stationery,Alat Tulis,Rautan,10.00,8.00
Office & Stationery,Alat Tulis,Spidol Papan Tulis,10.00,8.00
Office & Stationery,Alat Tulis,Spidol Permanen,10.00,8.00
Office & Stationery,Alat Tulis,Tempat Pensil,10.00,8.00
Office & Stationery,Alat Tulis,Tinta,10.00,8.00
Office & Stationery,Alat Ukir,,10.00,8.00
Office & Stationery,Alat Ukir,Alat Ukir Elektrik,7.50,7.50
Office & Stationery,Alat Ukir,Pisau Ukir,7.50,7.50
Office & Stationery,Buku Tulis,,10.00,8.00
Office & Stationery,Buku Tulis,Agenda & Planner,10.00,8.00
Office & Stationery,Buku Tulis,Buku Keuangan,10.00,8.00
Office & Stationery,Buku Tulis,Buku Telepon & Alamat,10.00,8.00
Office & Stationery,Buku Tulis,Buku Tulis Sekolah,10.00,8.00
Office & Stationery,Buku Tulis,Jurnal - Diary,10.00,8.00
Office & Stationery,Buku Tulis,Notebook & Notepad,10.00,8.00
Office & Stationery,Document Organizer,,10.00,8.00
Office & Stationery,Document Organizer,Binder,4.25,4.25
Office & Stationery,Document Organizer,Box File,10.00,8.00
Office & Stationery,Document Organizer,Kalender,10.00,8.00
Office & Stationery,Document Organizer,Klip Kabel,10.00,8.00
Office & Stationery,Document Organizer,Kotak Kartu Nama,10.00,8.00
Office & Stationery,Document Organizer,Lanyard,10.00,8.00
Office & Stationery,Document Organizer,Lemari File - Filling Cabinet,10.00,8.00
Office & Stationery,Document Organizer,Map,10.00,8.00
Office & Stationery,Document Organizer,Name Tag & ID Card Holder,10.00,8.00
Office & Stationery,Document Organizer,Ordner,10.00,8.00
Office & Stationery,Document Organizer,Pembatas Buku,10.00,8.00
Office & Stationery,Document Organizer,Rak Kertas,10.00,8.00
Office & Stationery,Document Organizer,Stationery Stand,10.00,8.00
Office & Stationery,Kalkulator & Kamus Elektronik,,10.00,8.00
Office & Stationery,Kalkulator & Kamus Elektronik,Kalkulator,10.00,8.00
Office & Stationery,Kalkulator & Kamus Elektronik,Kalkulator Ilmiah,10.00,8.00
Office & Stationery,Kalkulator & Kamus Elektronik,Kamus Elektronik,10.00,8.00
Office & Stationery,Kerajinan Tangan,,10.00,8.00
Office & Stationery,Kerajinan Tangan,Bahan Tali Gelang,4.25,4.25
Office & Stationery,Kerajinan Tangan,Buckles,10.00,8.00
Office & Stationery,Kerajinan Tangan,Charm & Bandul,4.25,4.25
Office & Stationery,Kerajinan Tangan,Kait Kalung,7.50,7.50
Office & Stationery,Kerajinan Tangan,Magnet Tas,10.00,8.00
Office & Stationery,Kerajinan Tangan,Manik-Manik,7.50,7.50
Office & Stationery,Kerajinan Tangan,Mata Ayam,10.00,8.00
Office & Stationery,Kerajinan Tangan,Ring D,7.50,7.50
Office & Stationery,Kerajinan Tangan,Stopper,7.50,7.50
Office & Stationery,Kertas,,10.00,8.00
Office & Stationery,Kertas,Kertas Binder,10.00,8.00
Office & Stationery,Kertas,Kertas Fax,10.00,8.00
Office & Stationery,Kertas,Kertas Folio,10.00,8.00
Office & Stationery,Kertas,Kertas HVS,10.00,8.00
Office & Stationery,Kertas,Kertas Karton,10.00,8.00
Office & Stationery,Kertas,Kertas Thermal,10.00,8.00
Office & Stationery,Kertas,Sticky Notes,10.00,8.00
Office & Stationery,Kertas,Seni,10.00,8.00
Office & Stationery,Kertas,Seni Impraboard,10.00,8.00
Office & Stationery,Kertas,Seni Kertas Asturo,10.00,8.00
Office & Stationery,Kertas,Seni Kertas Crepe,10.00,8.00
Office & Stationery,Kertas,Seni Kertas Origami,10.00,8.00
Office & Stationery,Kertas,Seni Kertas Photo,10.00,8.00
Office & Stationery,Kertas,Seni Papan Styrofoam,10.00,8.00
Office & Stationery,Pemotong Kertas,,10.00,8.00
Office & Stationery,Pemotong Kertas,Art Knife,10.00,8.00
Office & Stationery,Pemotong Kertas,Cutter,10.00,8.00
Office & Stationery,Pemotong Kertas,Cutting Mat,10.00,8.00
Office & Stationery,Pemotong Kertas,Gunting,10.00,8.00
Office & Stationery,Pemotong Kertas,Pembolong Kertas,10.00,8.00
Office & Stationery,Pemotong Kertas,Pemotong Styrofoam,10.00,8.00
Office & Stationery,Pengikat & Perekat,,10.00,8.00
Office & Stationery,Pengikat & Perekat,Cord Holder,10.00,8.00
Office & Stationery,Pengikat & Perekat,Double Tape,10.00,8.00
Office & Stationery,Pengikat & Perekat,Klip Kertas,4.25,4.25
Office & Stationery,Pengikat & Perekat,Lem Kertas,10.00,8.00
Office & Stationery,Pengikat & Perekat,Lem Serbaguna,10.00,8.00
Office & Stationery,Pengikat & Perekat,Selotip & Lakban,10.00,8.00
Office & Stationery,Pengikat & Perekat,Staples,4.25,4.25
Office & Stationery,Pengikat & Perekat,Stiker & Label,10.00,8.00
Office & Stationery,Peralatan Jahit,,10.00,8.00
Office & Stationery,Peralatan Jahit,Kain dan Bahan,7.50,7.50
Office & Stationery,Peralatan Jahit,Kancing,10.00,8.00
Office & Stationery,Peralatan Jahit,Manekin,7.50,7.50
Office & Stationery,Peralatan Jahit,Mesin Jahit,5.75,5.75
Office & Stationery,Peralatan Jahit,Patch - Emblem,10.00,8.00
Office & Stationery,Peralatan Jahit,Payet,10.00,8.00
Office & Stationery,Peralatan Jahit,Perlengkapan Jahit,7.50,7.50
Office & Stationery,Peralatan Jahit,Renda - Bordir,10.00,8.00
Office & Stationery,Peralatan Jahit,Spare Part Mesin Jahit,7.50,7.50
Office & Stationery,Peralatan Melukis,,10.00,8.00
Office & Stationery,Peralatan Melukis,Art Set,7.50,7.50
Office & Stationery,Peralatan Melukis,Cat Air,10.00,8.00
Office & Stationery,Peralatan Melukis,Cat Akrilik,7.50,7.50
Office & Stationery,Peralatan Melukis,Cat Minyak,7.50,7.50
Office & Stationery,Peralatan Melukis,Cat Poster,7.50,7.50
Office & Stationery,Peralatan Melukis,Easel,7.50,7.50
Office & Stationery,Peralatan Melukis,Kanvas Lukis,10.00,8.00
Office & Stationery,Peralatan Melukis,Kuas Lukis,7.50,7.50
Office & Stationery,Peralatan Melukis,Oil & Dry Pastel,7.50,7.50
Office & Stationery,Peralatan Melukis,Palet,7.50,7.50
Office & Stationery,Peralatan Menggambar,,10.00,8.00
Office & Stationery,Peralatan Menggambar,Buku Gambar & Sketsa,10.00,8.00
Office & Stationery,Peralatan Menggambar,Charcoal,7.50,7.50
Office & Stationery,Peralatan Menggambar,Crayon,10.00,8.00
Office & Stationery,Peralatan Menggambar,Drawing Pen,7.50,7.50
Office & Stationery,Peralatan Menggambar,Pensil Warna,7.50,7.50
Office & Stationery,Peralatan Menggambar,Spidol Warna,10.00,8.00
Office & Stationery,Peralatan Menggambar,Stencil,7.50,7.50
Office & Stationery,Perlengkapan Kaligrafi,,10.00,8.00
Office & Stationery,Perlengkapan Kaligrafi,Brush Pen,7.50,7.50
Office & Stationery,Perlengkapan Kaligrafi,Nib,10.00,8.00
Office & Stationery,Perlengkapan Kaligrafi,Pulpen Kaligrafi,10.00,8.00
Office & Stationery,Perlengkapan Kaligrafi,Tinta & Kuas Kaligrafi,7.50,7.50
Office & Stationery,Surat-Menyurat,,10.00,8.00
Office & Stationery,Surat-Menyurat,Amplop,10.00,8.00
Office & Stationery,Surat-Menyurat,Kartu Pos,10.00,8.00
Office & Stationery,Surat-Menyurat,Kertas Surat,10.00,8.00
Office & Stationery,Surat-Menyurat,Perangko,10.00,8.00
Office & Stationery,Surat-Menyurat,Stempel,10.00,8.00
Olahraga,,,10.00,8.00
Olahraga,Aksesoris Olahraga,,10.00,8.00
Olahraga,Aksesoris Olahraga,Arm Sleeve,10.00,8.00
Olahraga,Aksesoris Olahraga,Bracer & Body Support,10.00,8.00
Olahraga,Aksesoris Olahraga,Dekker Siku,10.00,8.00
Olahraga,Aksesoris Olahraga,Glove & Hand Wrap,10.00,8.00
Olahraga,Aksesoris Olahraga,Headband,10.00,8.00
Olahraga,Aksesoris Olahraga,Kacamata Olahraga,10.00,8.00
Olahraga,Aksesoris Olahraga,Knee Pad,10.00,8.00
Olahraga,Aksesoris Olahraga,Lainnya,10.00,8.00
Olahraga,Aksesoris Olahraga,Papan Skor,10.00,8.00
Olahraga,Aksesoris Olahraga,Peluit,10.00,8.00
Olahraga,Aksesoris Olahraga,Pompa Bola,10.00,8.00
Olahraga,Aksesoris Olahraga,Stopwatch,10.00,8.00
Olahraga,Aksesoris Olahraga,Tas Gym,10.00,8.00
Olahraga,Aksesoris Olahraga,Tas Pinggang Olahraga,10.00,8.00
Olahraga,Aksesoris Olahraga,Tas Sepatu Olahraga,10.00,8.00
Olahraga,Aksesoris Olahraga,Tas Serut,10.00,8.00
Olahraga,Aksesoris Olahraga,Wristband,10.00,8.00
Olahraga,Alat Pancing,,10.00,8.00
Olahraga,Alat Pancing,Aksesoris Memancing,10.00,8.00
Olahraga,Alat Pancing,Fish Finder,10.00,8.00
Olahraga,Alat Pancing,Gulungan Pancing,10.00,8.00
Olahraga,Alat Pancing,Joran Pancing,10.00,8.00
Olahraga,Alat Pancing,Kail Pancing,10.00,8.00
Olahraga,Alat Pancing,Senar Pancing,10.00,8.00
Olahraga,Alat Pancing,Set Alat Pancing,10.00,8.00
Olahraga,Alat Pancing,Tas Pancing,10.00,8.00
Olahraga,Alat Pancing,Umpan Pancing,10.00,8.00
Olahraga,Badminton,,10.00,8.00
Olahraga,Badminton,Baju Badminton,10.00,8.00
Olahraga,Badminton,Grip Raket Badminton,10.00,8.00
Olahraga,Badminton,Net Badminton,10.00,8.00
Olahraga,Badminton,Raket Badminton,10.00,8.00
Olahraga,Badminton,Senar Raket Badminton,10.00,8.00
Olahraga,Badminton,Sepatu Badminton,10.00,8.00
Olahraga,Badminton,Shuttlecock,10.00,8.00
Olahraga,Badminton,Tas Raket Badminton,10.00,8.00
Olahraga,Baseball,,10.00,8.00
Olahraga,Baseball,Baju Baseball,10.00,8.00
Olahraga,Baseball,Bola Baseball,10.00,8.00
Olahraga,Baseball,Celana Baseball,10.00,8.00
Olahraga,Baseball,Sarung Tangan Baseball,10.00,8.00
Olahraga,Baseball,Sepatu Baseball,10.00,8.00
Olahraga,Baseball,Tongkat Baseball,10.00,8.00
Olahraga,Basket,,10.00,8.00
Olahraga,Basket,Arm Sleeve Basket,10.00,8.00
Olahraga,Basket,Bola Basket,10.00,8.00
Olahraga,Basket,Celana Basket,10.00,8.00
Olahraga,Basket,Dekker Basket,10.00,8.00
Olahraga,Basket,Jersey Basket,10.00,8.00
Olahraga,Basket,Kaos Basket,10.00,8.00
Olahraga,Basket,Kaos Kaki Basket,10.00,8.00
Olahraga,Basket,Leg Sleeve Basket,10.00,8.00
Olahraga,Basket,Net Basket,10.00,8.00
Olahraga,Basket,Papan Strategi Basket,10.00,8.00
Olahraga,Basket,Ring Basket,10.00,8.00
Olahraga,Basket,Sepatu Basket,10.00,8.00
Olahraga,Basket,Tas Basket,10.00,8.00
Olahraga,Beladiri,,10.00,8.00
Olahraga,Beladiri,Baju & Celana Bela Diri,10.00,8.00
Olahraga,Beladiri,Baton,10.00,8.00
Olahraga,Beladiri,Knuckle,10.00,8.00
Olahraga,Beladiri,Nunchaku,10.00,8.00
Olahraga,Beladiri,Pelindung Bela Diri,10.00,8.00
Olahraga,Billiard,,10.00,8.00
Olahraga,Billiard,Bola Billiard,10.00,8.00
Olahraga,Billiard,Cue Tip,10.00,8.00
Olahraga,Billiard,Kapur Billiard,10.00,8.00
Olahraga,Billiard,Meja Billiard,10.00,8.00
Olahraga,Billiard,Perlengkapan Billiard Lain,10.00,8.00
Olahraga,Billiard,Sarung Tangan Billiard,10.00,8.00
Olahraga,Billiard,Stick Billiard,10.00,8.00
Olahraga,Billiard,Tas Stick Billiard,10.00,8.00
Olahraga,Boxing,,10.00,8.00
Olahraga,Boxing,Pelindung Gigi Tinju,10.00,8.00
Olahraga,Boxing,Samsak Tinju,10.00,8.00
Olahraga,Boxing,Sarung Tinju,10.00,8.00
Olahraga,Boxing,Target Pad,10.00,8.00
Olahraga,Boxing,Tas Sarung Tinju,10.00,8.00
Olahraga,Golf,,10.00,8.00
Olahraga,Golf,Bola Golf,10.00,8.00
Olahraga,Golf,Golf Tees,10.00,8.00
Olahraga,Golf,Kaos Golf,10.00,8.00
Olahraga,Golf,Karpet Driving Golf,10.00,8.00
Olahraga,Golf,Payung Golf,10.00,8.00
Olahraga,Golf,Sarung Stick Golf,10.00,8.00
Olahraga,Golf,Sarung Tangan Golf,10.00,8.00
Olahraga,Golf,Sepatu Golf,10.00,8.00
Olahraga,Golf,Stick Golf,10.00,8.00
Olahraga,Golf,Tas Golf,10.00,8.00
Olahraga,Golf,Topi Golf,10.00,8.00
Olahraga,Gym & Fitness,,10.00,8.00
Olahraga,Gym & Fitness,Abs Roller,10.00,8.00
Olahraga,Gym & Fitness,Air Climber,10.00,8.00
Olahraga,Gym & Fitness,Alat Angkat Beban,10.00,8.00
Olahraga,Gym & Fitness,Baju Sauna,10.00,8.00
Olahraga,Gym & Fitness,Bench Press,10.00,8.00
Olahraga,Gym & Fitness,Chest Expander,10.00,8.00
Olahraga,Gym & Fitness,Gym Ball,10.00,8.00
Olahraga,Gym & Fitness,Hand Grip,10.00,8.00
Olahraga,Gym & Fitness,Hulahoop,10.00,8.00
Olahraga,Gym & Fitness,Lainnya,10.00,8.00
Olahraga,Gym & Fitness,Pemberat Kaki,10.00,8.00
Olahraga,Gym & Fitness,Pemberat Tangan,10.00,8.00
Olahraga,Gym & Fitness,Power Twister,10.00,8.00
Olahraga,Gym & Fitness,Pull Up Bar,10.00,8.00
Olahraga,Gym & Fitness,Push Up Bar,10.00,8.00
Olahraga,Gym & Fitness,Sepeda Statis,10.00,8.00
Olahraga,Gym & Fitness,Sit Up Bench,10.00,8.00
Olahraga,Gym & Fitness,Tali Skipping,10.00,8.00
Olahraga,Gym & Fitness,Trampolin,10.00,8.00
Olahraga,Gym & Fitness,Treadmill,10.00,8.00
Olahraga,Gym & Fitness,Tummy Trimmer,10.00,8.00
Olahraga,Hiking & Camping,,10.00,8.00
Olahraga,Hiking & Camping,Alat Masak Camping,10.00,8.00
Olahraga,Hiking & Camping,Carabiner,10.00,8.00
Olahraga,Hiking & Camping,Celana Gunung,10.00,8.00
Olahraga,Hiking & Camping,Hammock,10.00,8.00
Olahraga,Hiking & Camping,Headlamp & Senter Camping,10.00,8.00
Olahraga,Hiking & Camping,Jaket Gunung,10.00,8.00
Olahraga,Hiking & Camping,Kompas,10.00,8.00
Olahraga,Hiking & Camping,Lampu Camping,10.00,8.00
Olahraga,Hiking & Camping,Paracord,10.00,8.00
Olahraga,Hiking & Camping,Perahu Karet & Dayung,10.00,8.00
Olahraga,Hiking & Camping,Rain Cover Tas Gunung,10.00,8.00
Olahraga,Hiking & Camping,Sandal Gunung,10.00,8.00
Olahraga,Hiking & Camping,Sepatu Gunung,10.00,8.00
Olahraga,Hiking & Camping,Sleeping Bag,10.00,8.00
Olahraga,Hiking & Camping,Survival Kit & Alat Multifungsi,10.00,8.00
Olahraga,Hiking & Camping,Tas Gunung,10.00,8.00
Olahraga,Hiking & Camping,Tenda Camping,10.00,8.00
Olahraga,Hiking & Camping,Teropong,10.00,8.00
Olahraga,Hiking & Camping,Tongkat Gunung,10.00,8.00
Olahraga,Hiking & Camping,Trekking Pole,10.00,8.00
Olahraga,Olahraga Air,,10.00,8.00
Olahraga,Olahraga Air,Alat & Aksesoris Selam,10.00,8.00
Olahraga,Olahraga Air,Alat Snorkeling,10.00,8.00
Olahraga,Olahraga Air,Baju Renang Anak Laki-laki,10.00,8.00
Olahraga,Olahraga Air,Baju Renang Anak Perempuan,10.00,8.00
Olahraga,Olahraga Air,Baju Renang Pria,10.00,8.00
Olahraga,Olahraga Air,Baju Renang Wanita,10.00,8.00
Olahraga,Olahraga Air,Celana Renang Pria,10.00,8.00
Olahraga,Olahraga Air,Diving Fin,10.00,8.00
Olahraga,Olahraga Air,Diving Mask,10.00,8.00
Olahraga,Olahraga Air,Dry Bag,10.00,8.00
Olahraga,Olahraga Air,Jetski,10.00,8.00
Olahraga,Olahraga Air,Kacamata Renang,10.00,8.00
Olahraga,Olahraga Air,Kolam Karet,10.00,8.00
Olahraga,Olahraga Air,Pelampung,10.00,8.00
Olahraga,Olahraga Air,Senter Diving,10.00,8.00
Olahraga,Olahraga Air,Topi Renang,10.00,8.00
Olahraga,Olahraga Air,Wetsuit & Drysuit,10.00,8.00
Olahraga,Pakaian Olahraga Pria,,10.00,8.00
Olahraga,Pakaian Olahraga Pria,Celana Training Pria,10.00,8.00
Olahraga,Pakaian Olahraga Pria,Jaket Track Pria,10.00,8.00
Olahraga,Pakaian Olahraga Pria,Jaket Windbreaker Pria,10.00,8.00
Olahraga,Pakaian Olahraga Pria,Kaos Dry Fit Pria,10.00,8.00
Olahraga,Pakaian Olahraga Pria,Legging Sport Pria,10.00,8.00
Olahraga,Pakaian Olahraga Pria,Muscle Tee Pria,10.00,8.00
Olahraga,Pakaian Olahraga Pria,Setelan Olahraga Pria,10.00,8.00
Olahraga,Pakaian Olahraga Wanita,,10.00,8.00
Olahraga,Pakaian Olahraga Wanita,Celana Training Wanita,10.00,8.00
Olahraga,Pakaian Olahraga Wanita,Jaket Windbreaker Wanita,10.00,8.00
Olahraga,Pakaian Olahraga Wanita,Kaos Dry Fit Wanita,10.00,8.00
Olahraga,Pakaian Olahraga Wanita,Legging Sport Wanita,10.00,8.00
Olahraga,Pakaian Olahraga Wanita,Muscle Tee Wanita,10.00,8.00
Olahraga,Pakaian Olahraga Wanita,Rok Senam Wanita,10.00,8.00
Olahraga,Pakaian Olahraga Wanita,Setelan Olahraga Wanita,10.00,8.00
Olahraga,Pakaian Olahraga Wanita,Sport Bra,10.00,8.00
Olahraga,Panahan,,10.00,8.00
Olahraga,Panahan,Anak Panah,10.00,8.00
Olahraga,Panahan,Busur Panah,10.00,8.00
Olahraga,Panahan,Finger Tab Panahan,10.00,8.00
Olahraga,Panahan,Pelindung Dada Panahan,10.00,8.00
Olahraga,Panahan,Pelindung Tangan Panahan,10.00,8.00
Olahraga,Panahan,Sarung Tangan Panahan,10.00,8.00
Olahraga,Panahan,Tali Busur Panah,10.00,8.00
Olahraga,Panahan,Target Panah,10.00,8.00
Olahraga,Panahan,Tas Panahan,10.00,8.00
Olahraga,Panahan,Thumb Glove Panahan,10.00,8.00
Olahraga,Perlengkapan Lari,,10.00,8.00
Olahraga,Perlengkapan Lari,Celana Lari Pria,10.00,8.00
Olahraga,Perlengkapan Lari,Celana Lari Wanita,10.00,8.00
Olahraga,Perlengkapan Lari,Sepatu Lari Pria,10.00,8.00
Olahraga,Perlengkapan Lari,Sepatu Lari Wanita,10.00,8.00
Olahraga,Sepak Bola & Futsal,,10.00,8.00
Olahraga,Sepak Bola & Futsal,Bola Sepak,10.00,8.00
Olahraga,Sepak Bola & Futsal,Dekker Futsal,10.00,8.00
Olahraga,Sepak Bola & Futsal,Dekker Sepak Bola,10.00,8.00
Olahraga,Sepak Bola & Futsal,Jaket Bola,10.00,8.00
Olahraga,Sepak Bola & Futsal,Jaring Gawang,10.00,8.00
Olahraga,Sepak Bola & Futsal,Jersey Bola,10.00,8.00
Olahraga,Sepak Bola & Futsal,Kaos Kaki,10.00,8.00
Olahraga,Sepak Bola & Futsal,Papan Strategi Bola & Futsal,10.00,8.00
Olahraga,Sepak Bola & Futsal,Sarung Tangan Kiper,10.00,8.00
Olahraga,Sepak Bola & Futsal,Sepatu Bola,10.00,8.00
Olahraga,Sepak Bola & Futsal,Sepatu Futsal,10.00,8.00
Olahraga,Sepatu Roda & Skateboard,,10.00,8.00
Olahraga,Sepatu Roda & Skateboard,Dekker Sepatu Roda & Skateboard,10.00,8.00
Olahraga,Sepatu Roda & Skateboard,Grip tape Skateboard,10.00,8.00
Olahraga,Sepatu Roda & Skateboard,Helm Sepatu Roda & Skateboard,10.00,8.00
Olahraga,Sepatu Roda & Skateboard,Roda Skateboard,10.00,8.00
Olahraga,Sepatu Roda & Skateboard,Sepatu Roda,10.00,8.00
Olahraga,Sepatu Roda & Skateboard,Skateboard,10.00,8.00
Olahraga,Sepatu Roda & Skateboard,Skateboard Tools,10.00,8.00
Olahraga,Sepatu Roda & Skateboard,Skuter & Otoped,10.00,8.00
Olahraga,Sepeda,,7.50,7.50
Olahraga,Sepeda,Aksesoris Sepeda,7.50,7.50
Olahraga,Sepeda,Ban Sepeda,7.50,7.50
Olahraga,Sepeda,Frame Sepeda,7.50,7.50
Olahraga,Sepeda,Helm Sepeda,7.50,7.50
Olahraga,Sepeda,Jersey & Celana Sepeda,7.50,7.50
Olahraga,Sepeda,Lampu Sepeda,7.50,7.50
Olahraga,Sepeda,Saddle Sepeda,7.50,7.50
Olahraga,Sepeda,Sepeda Anak,7.50,7.50
Olahraga,Sepeda,Sepeda BMX,7.50,7.50
Olahraga,Sepeda,Sepeda Balap,7.50,7.50
Olahraga,Sepeda,Sepeda Gunung,7.50,7.50
Olahraga,Sepeda,Sepeda Lipat,7.50,7.50
Olahraga,Sepeda,Spare Part Sepeda,7.50,7.50
Olahraga,Sepeda,Stang Sepeda,7.50,7.50
Olahraga,Sepeda,Tas Sepeda,10.00,8.00
Olahraga,Sepeda,Velg Sepeda,7.50,7.50
Olahraga,Tenis,,10.00,8.00
Olahraga,Tenis,Baju Tenis,10.00,8.00
Olahraga,Tenis,Bola Tenis,10.00,8.00
Olahraga,Tenis,Grip Raket Tenis,10.00,8.00
Olahraga,Tenis,Raket Tenis,10.00,8.00
Olahraga,Tenis,Senar Raket Tenis,10.00,8.00
Olahraga,Tenis,Sepatu Tenis,10.00,8.00
Olahraga,Tenis,Tas Raket Tenis,10.00,8.00
Olahraga,Tenis,meja,10.00,8.00
Olahraga,Tenis,meja Baju Tenis Meja,10.00,8.00
Olahraga,Tenis,meja Bat Tenis Meja,10.00,8.00
Olahraga,Tenis,meja Bola Tenis Meja,10.00,8.00
Olahraga,Tenis,meja Cover Bat Tenis Meja,10.00,8.00
Olahraga,Tenis,meja Cover Meja Tenis,10.00,8.00
Olahraga,Tenis,meja Grip Bat Tenis Meja,10.00,8.00
Olahraga,Tenis,meja Meja Tenis Meja,10.00,8.00
Olahraga,Tenis,meja Net Tenis Meja,10.00,8.00
Olahraga,Voli,,10.00,8.00
Olahraga,Voli,Baju Voli,10.00,8.00
Olahraga,Voli,Bola Voli,10.00,8.00
Olahraga,Voli,Dekker Jari Olahraga Voli,10.00,8.00
Olahraga,Voli,Jaring Net Voli,10.00,8.00
Olahraga,Voli,Papan Strategi Voli,10.00,8.00
Olahraga,Voli,Sepatu Voli,10.00,8.00
Olahraga,Yoga & Pilates,,10.00,8.00
Olahraga,Yoga & Pilates,Balok Yoga,10.00,8.00
Olahraga,Yoga & Pilates,Resistance Band,10.00,8.00
Olahraga,Yoga & Pilates,Yoga Mat,10.00,8.00
Otomotif,,,10.00,8.00
Otomotif,Aksesoris Motor,,10.00,8.00
Otomotif,Aksesoris Motor,Aksesori Body Motor,10.00,8.00
Otomotif,Aksesoris Motor,Alarm & Gembok Motor,10.00,8.00
Otomotif,Aksesoris Motor,Box Motor,10.00,8.00
Otomotif,Aksesoris Motor,Cover Motor,10.00,8.00
Otomotif,Aksesoris Motor,Cover Stang Motor,10.00,8.00
Otomotif,Aksesoris Motor,Emblem Motor,10.00,8.00
Otomotif,Aksesoris Motor,Footstep Motor,10.00,8.00
Otomotif,Aksesoris Motor,Handle - Handfat Motor,10.00,8.00
Otomotif,Aksesoris Motor,Jok motor,10.00,8.00
Otomotif,Aksesoris Motor,Karpet Motor,10.00,8.00
Otomotif,Aksesoris Motor,Kursi Bonceng Anak,10.00,8.00
Otomotif,Aksesoris Motor,Spakbor Motor,10.00,8.00
Otomotif,Aksesoris Motor,Spion Motor,10.00,8.00
Otomotif,Aksesoris Motor,Windshield Motor,10.00,8.00
Otomotif,Aksesoris Pengendara Motor,,10.00,8.00
Otomotif,Aksesoris Pengendara Motor,Cover Sepatu,10.00,8.00
Otomotif,Aksesoris Pengendara Motor,Goggle Motor,10.00,8.00
Otomotif,Aksesoris Pengendara Motor,Jaket Motor,10.00,8.00
Otomotif,Aksesoris Pengendara Motor,Jas Hujan,10.00,8.00
Otomotif,Aksesoris Pengendara Motor,Masker Buff,10.00,8.00
Otomotif,Aksesoris Pengendara Motor,Rain Cover Bag,10.00,8.00
Otomotif,Aksesoris Pengendara Motor,Rompi Motor,10.00,8.00
Otomotif,Aksesoris Pengendara Motor,Sarung Tangan Motor,10.00,8.00
Otomotif,Aksesoris Pengendara Motor,Sepatu Biker,10.00,8.00
Otomotif,Alat Berat,,10.00,8.00
Otomotif,Alat Berat,Sparepart & Service,10.00,8.00
Otomotif,Alat Berat,Unit,10.00,8.00
Otomotif,Audio & Video Mobil,,10.00,8.00
Otomotif,Audio & Video Mobil,Head Unit Mobil,10.00,8.00
Otomotif,Audio & Video Mobil,Kabel & Konektor Audio Mobil,10.00,8.00
Otomotif,Audio & Video Mobil,Power Amplifier,10.00,8.00
Otomotif,Audio & Video Mobil,Sensor & Kamera Mobil,10.00,8.00
Otomotif,Audio & Video Mobil,Speaker Mobil,10.00,8.00
Otomotif,Audio & Video Mobil,Video TV Mobil,10.00,8.00
Otomotif,Ban Mobil,,7.50,7.50
Otomotif,Ban Motor,,7.50,7.50
Otomotif,Eksterior Mobil,,10.00,8.00
Otomotif,Eksterior Mobil,Bumper Guard Mobil,7.50,7.50
Otomotif,Eksterior Mobil,Cover Ban Mobil,7.50,7.50
Otomotif,Eksterior Mobil,Cover Mobil,7.50,7.50
Otomotif,Eksterior Mobil,Dudukan Plat Nomor,7.50,7.50
Otomotif,Eksterior Mobil,Emblem Mobil,7.50,7.50
Otomotif,Eksterior Mobil,Kaca Film Mobil,7.50,7.50
Otomotif,Eksterior Mobil,Spion Mobil,7.50,7.50
Otomotif,Eksterior Mobil,Sticker Anti Fog,7.50,7.50
Otomotif,Eksterior Mobil,Talang Air Mobil,7.50,7.50
Otomotif,Helm Motor,,10.00,8.00
Otomotif,Helm Motor,Aksesoris Helm,10.00,8.00
Otomotif,Helm Motor,Cover Helm,10.00,8.00
Otomotif,Helm Motor,Helm Anak,10.00,8.00
Otomotif,Helm Motor,Helm Full Face,10.00,8.00
Otomotif,Helm Motor,Helm Half Face,10.00,8.00
Otomotif,Helm Motor,Helm Retro,10.00,8.00
Otomotif,Helm Motor,Kaca Helm,10.00,8.00
Otomotif,Helm Motor,Kunci Helm,10.00,8.00
Otomotif,Helm Motor,Parfum Helm,10.00,8.00
Otomotif,Helm Motor,Tas & Jaring Helm,10.00,8.00
Otomotif,Interior Mobil,,10.00,8.00
Otomotif,Interior Mobil,Bantal Mobil,10.00,8.00
Otomotif,Interior Mobil,Car Seat Organizer,10.00,8.00
Otomotif,Interior Mobil,Cover Dashboard Mobil,10.00,8.00
Otomotif,Interior Mobil,Cup Holder Mobil,10.00,8.00
Otomotif,Interior Mobil,Karpet Mobil,10.00,8.00
Otomotif,Interior Mobil,Kasur Mobil,10.00,8.00
Otomotif,Interior Mobil,Kunci Pengaman Mobil,10.00,8.00
Otomotif,Interior Mobil,Parfum Mobil,10.00,8.00
Otomotif,Interior Mobil,Pelindung Panas Mobil,7.50,7.50
Otomotif,Interior Mobil,Sarung Stir Mobil,10.00,8.00
Otomotif,Interior Mobil,Seat Cushion Mobil,10.00,8.00
Otomotif,Interior Mobil,Sill Plate Mobil,10.00,8.00
Otomotif,Interior Mobil,Tempat Sampah Mobil,10.00,8.00
Otomotif,Interior Mobil,Tempat Tisu Mobil,10.00,8.00
Otomotif,Interior Mobil,Tongkat E-Toll,10.00,8.00
Otomotif,Interior Mobil,Tuas Persneling Mobil,10.00,8.00
Otomotif,Mobil,,7.50,7.50
Otomotif,Mobil,Booking Fee Mobil Baru,7.50,7.50
Otomotif,Mobil,Mobil Hatchback & City Car Baru,7.50,7.50
Otomotif,Mobil,Mobil Listrik Baru,7.50,7.50
Otomotif,Mobil,Mobil Niaga Baru,7.50,7.50
Otomotif,Mobil,Mobil SUV & MPV Baru,7.50,7.50
Otomotif,Mobil,Mobil Sedan Baru,7.50,7.50
Otomotif,Mobil,Bekas,10.00,8.00
Otomotif,Mobil,Bekas Mobil Hatchback & City Car Bekas,10.00,8.00
Otomotif,Mobil,Bekas Mobil Listrik Bekas,10.00,8.00
Otomotif,Mobil,Bekas Mobil Niaga Bekas,10.00,8.00
Otomotif,Mobil,Bekas Mobil SUV & MPV Bekas,10.00,8.00
Otomotif,Mobil,Bekas Mobil Sedan Bekas,10.00,8.00
Otomotif,Oli & Penghemat BBM,,7.50,7.50
Otomotif,Oli & Penghemat BBM,Engine Conditioner,10.00,8.00
Otomotif,Oli & Penghemat BBM,Filter Oli,7.50,7.50
Otomotif,Oli & Penghemat BBM,Fuel Additive,10.00,8.00
Otomotif,Oli & Penghemat BBM,Oli mobil,5.75,5.75
Otomotif,Oli & Penghemat BBM,Oli motor,5.75,5.75
Otomotif,Oli & Penghemat BBM,Penghemat BBM,5.75,5.75
Otomotif,Oli & Penghemat BBM,Tempat Oli,5.75,5.75
Otomotif,Perawatan Kendaraan,,10.00,8.00
Otomotif,Perawatan Kendaraan,Anti Ban Bocor,10.00,8.00
Otomotif,Perawatan Kendaraan,Anti Gores Kendaraan,10.00,8.00
Otomotif,Perawatan Kendaraan,Busa Poles Kendaraan,10.00,8.00
Otomotif,Perawatan Kendaraan,Cairan Radiator,10.00,8.00
Otomotif,Perawatan Kendaraan,Lap Chamois,10.00,8.00
Otomotif,Perawatan Kendaraan,Obat Jamur Mobil,10.00,8.00
Otomotif,Perawatan Kendaraan,Pelumas Kendaraan,5.75,5.75
Otomotif,Perawatan Kendaraan,Semir Ban,10.00,8.00
Otomotif,Perawatan Kendaraan,Vacuum Cleaner Mobil,10.00,8.00
Otomotif,Perawatan Kendaraan,Wash and Wax,10.00,8.00
Otomotif,Perkakas Kendaraan,,10.00,8.00
Otomotif,Perkakas Kendaraan,Charger Aki Mobil,7.50,7.50
Otomotif,Perkakas Kendaraan,Dongkrak Mobil,10.00,8.00
Otomotif,Perkakas Kendaraan,Tali Derek Mobil,10.00,8.00
Otomotif,Sepeda Motor,,5.50,5.50
Otomotif,Sepeda Motor,Booking Fee Motor Baru,7.50,7.50
Otomotif,Sepeda Motor,Motor Bebek Baru,5.50,5.50
Otomotif,Sepeda Motor,Motor Listrik Baru,5.50,5.50
Otomotif,Sepeda Motor,Motor Matic Baru,5.50,5.50
Otomotif,Sepeda Motor,Motor Sport Baru,7.50,7.50
Otomotif,Sepeda Motor,Sepeda Listrik Baru,7.50,7.50
Otomotif,Sepeda Motor,Bekas,7.50,7.50
Otomotif,Sepeda Motor,Bekas Motor Bebek Bekas,7.50,7.50
Otomotif,Sepeda Motor,Bekas Motor Listrik Bekas,7.50,7.50
Otomotif,Sepeda Motor,Bekas Motor Matic Bekas,7.50,7.50
Otomotif,Sepeda Motor,Bekas Motor Sport Bekas,7.50,7.50
Otomotif,Spare Part Mobil,,10.00,8.00
Otomotif,Spare Part Mobil,Bearing Mobil,7.50,7.50
Otomotif,Spare Part Mobil,Belt Mobil,7.50,7.50
Otomotif,Spare Part Mobil,Busi Mobil,7.50,7.50
Otomotif,Spare Part Mobil,ECU & Kelistrikan Mobil,7.50,7.50
Otomotif,Spare Part Mobil,Engine Mounting & Karet Mobil,7.50,7.50
Otomotif,Spare Part Mobil,Filter Udara Mobil,10.00,8.00
Otomotif,Spare Part Mobil,Gearbox,7.50,7.50
Otomotif,Spare Part Mobil,Kampas Rem Mobil,7.50,7.50
Otomotif,Spare Part Mobil,Klakson Mobil,10.00,8.00
Otomotif,Spare Part Mobil,Knalpot Mobil,7.50,7.50
Otomotif,Spare Part Mobil,Koil & CDI Mobil,7.50,7.50
Otomotif,Spare Part Mobil,Kopling & Transmisi Mobil,7.50,7.50
Otomotif,Spare Part Mobil,Lampu Mobil,7.50,7.50
Otomotif,Spare Part Mobil,Master & Kaliper Rem Mobil,7.50,7.50
Otomotif,Spare Part Mobil,Piston Mobil,7.50,7.50
Otomotif,Spare Part Mobil,Radiator & Komponen Mobil,10.00,8.00
Otomotif,Spare Part Mobil,Selang Rem Mobil,7.50,7.50
Otomotif,Spare Part Mobil,Shockbreaker & Kaki Kaki Mobil,7.50,7.50
Otomotif,Spare Part Mobil,Stir Mobil,10.00,8.00
Otomotif,Spare Part Mobil,Tromol & Piringan Rem Mobil,7.50,7.50
Otomotif,Spare Part Mobil,Wiper & Wiper Cover Mobil,7.50,7.50
Otomotif,Spare Part Motor,,10.00,8.00
Otomotif,Spare Part Motor,Aki Motor,10.00,8.00
Otomotif,Spare Part Motor,Bearing Motor,7.50,7.50
Otomotif,Spare Part Motor,Busi Motor,10.00,8.00
Otomotif,Spare Part Motor,ECU & Kelistrikan Motor,10.00,8.00
Otomotif,Spare Part Motor,Filter Udara Motor,10.00,8.00
Otomotif,Spare Part Motor,Kabel Selang Motor,10.00,8.00
Otomotif,Spare Part Motor,"Kaliper, Cakram dan Tromol Motor",10.00,8.00
Otomotif,Spare Part Motor,Kampas Rem Motor,10.00,8.00
Otomotif,Spare Part Motor,Karburator Motor,7.50,7.50
Otomotif,Spare Part Motor,Klakson Motor,10.00,8.00
Otomotif,Spare Part Motor,Knalpot,10.00,8.00
Otomotif,Spare Part Motor,Koil & CDI Motor,7.50,7.50
Otomotif,Spare Part Motor,Kopling Motor,10.00,8.00
Otomotif,Spare Part Motor,Lampu Motor,10.00,8.00
Otomotif,Spare Part Motor,Master & Piringan Rem Motor,10.00,8.00
Otomotif,Spare Part Motor,Noken As Motor,10.00,8.00
Otomotif,Spare Part Motor,Piston Motor,10.00,8.00
Otomotif,Spare Part Motor,Rantai & Gir Motor,10.00,8.00
Otomotif,Spare Part Motor,Selang Rem Motor,10.00,8.00
Otomotif,Spare Part Motor,Shockbreaker Motor,10.00,8.00
Otomotif,Spare Part Motor,V-Belt Motor,7.50,7.50
Otomotif,Velg Mobil,,7.50,7.50
Otomotif,Velg Motor,,7.50,7.50
Perawatan Hewan,,,0.00,0.00
Perawatan Hewan,Grooming Hewan,,0.00,0.00
Perawatan Hewan,Grooming Hewan,Gunting Kuku Hewan,7.50,7.50
Perawatan Hewan,Grooming Hewan,Pet Glove,7.50,7.50
Perawatan Hewan,Grooming Hewan,Sikat Gigi Hewan,7.50,7.50
Perawatan Hewan,Grooming Hewan,Sisir Bulu Hewan,7.50,7.50
Perawatan Hewan,Hewan Peliharaan,,0.00,0.00
Perawatan Hewan,Hewan Peliharaan,Anjing,7.50,7.50
Perawatan Hewan,Hewan Peliharaan,Burung dan Unggas,7.50,7.50
Perawatan Hewan,Hewan Peliharaan,Hamster,7.50,7.50
Perawatan Hewan,Hewan Peliharaan,Hewan Peliharaan Lainnya,7.50,7.50
Perawatan Hewan,Hewan Peliharaan,Ikan Hias,7.50,7.50
Perawatan Hewan,Hewan Peliharaan,Kelinci,7.50,7.50
Perawatan Hewan,Hewan Peliharaan,Kucing,7.50,7.50
Perawatan Hewan,Hewan Peliharaan,Reptil,7.50,7.50
Perawatan Hewan,Perawatan Anjing,,0.00,0.00
Perawatan Hewan,Perawatan Anjing,Baju Anjing,7.50,7.50
Perawatan Hewan,Perawatan Anjing,Kalung Anjing,7.50,7.50
Perawatan Hewan,Perawatan Anjing,Mainan Anjing,7.50,7.50
Perawatan Hewan,Perawatan Anjing,Makanan Anjing,7.50,7.50
Perawatan Hewan,Perawatan Anjing,Obat & Vitamin Anjing,7.50,7.50
Perawatan Hewan,Perawatan Anjing,Shampoo Anjing,7.50,7.50
Perawatan Hewan,Perawatan Anjing,Snack Anjing,7.50,7.50
Perawatan Hewan,Perawatan Anjing,Tali Tuntun Anjing,7.50,7.50
Perawatan Hewan,Perawatan Ayam,,0.00,0.00
Perawatan Hewan,Perawatan Ayam,Kandang Ayam,7.50,7.50
Perawatan Hewan,Perawatan Ayam,Obat & Vitamin Ayam,7.50,7.50
Perawatan Hewan,Perawatan Burung,,0.00,0.00
Perawatan Hewan,Perawatan Burung,Kandang Burung,7.50,7.50
Perawatan Hewan,Perawatan Burung,Mainan Burung,7.50,7.50
Perawatan Hewan,Perawatan Burung,Makanan Burung,7.50,7.50
Perawatan Hewan,Perawatan Burung,Obat & Vitamin Burung,7.50,7.50
Perawatan Hewan,Perawatan Burung,Tempat Makan & Minum Burung,7.50,7.50
Perawatan Hewan,Perawatan Hamster,,0.00,0.00
Perawatan Hewan,Perawatan Hamster,Kandang Hamster,7.50,7.50
Perawatan Hewan,Perawatan Hamster,Mainan Hamster,7.50,7.50
Perawatan Hewan,Perawatan Hamster,Makanan Hamster,7.50,7.50
Perawatan Hewan,Perawatan Hamster,Obat & Vitamin Hamster,7.50,7.50
Perawatan Hewan,Perawatan Hewan Ternak,,0.00,0.00
Perawatan Hewan,Perawatan Ikan,,0.00,0.00
Perawatan Hewan,Perawatan Ikan,Aerator,7.50,7.50
Perawatan Hewan,Perawatan Ikan,Aksesoris Aquarium,7.50,7.50
Perawatan Hewan,Perawatan Ikan,Aquarium,7.50,7.50
Perawatan Hewan,Perawatan Ikan,Filter Akuarium,7.50,7.50
Perawatan Hewan,Perawatan Ikan,Hiasan Aquarium,7.50,7.50
Perawatan Hewan,Perawatan Ikan,Lampu Akuarium,10.00,8.00
Perawatan Hewan,Perawatan Ikan,Makanan Ikan,7.50,7.50
Perawatan Hewan,Perawatan Ikan,Obat & Vitamin Ikan,7.50,7.50
Perawatan Hewan,Perawatan Ikan,Pelet Ikan,7.50,7.50
Perawatan Hewan,Perawatan Ikan,Penghangat Air Akuarium,7.50,7.50
Perawatan Hewan,Perawatan Ikan,Penjernih Air Akuarium,7.50,7.50
Perawatan Hewan,Perawatan Ikan,Pipa Akuarium,7.50,7.50
Perawatan Hewan,Perawatan Ikan,Termometer Akuarium,7.50,7.50
Perawatan Hewan,Perawatan Kelinci,,0.00,0.00
Perawatan Hewan,Perawatan Kelinci,Makanan Kelinci,7.50,7.50
Perawatan Hewan,Perawatan Kelinci,Obat & Vitamin Kelinci,7.50,7.50
Perawatan Hewan,Perawatan Kucing,,0.00,0.00
Perawatan Hewan,Perawatan Kucing,Baju Kucing,7.50,7.50
Perawatan Hewan,Perawatan Kucing,Garukan Kucing,7.50,7.50
Perawatan Hewan,Perawatan Kucing,Kalung Kucing,7.50,7.50
Perawatan Hewan,Perawatan Kucing,Mainan Kucing,7.50,7.50
Perawatan Hewan,Perawatan Kucing,Makanan Kucing,7.50,7.50
Perawatan Hewan,Perawatan Kucing,Obat & Vitamin Kucing,7.50,7.50
Perawatan Hewan,Perawatan Kucing,Pasir Kucing,7.50,7.50
Perawatan Hewan,Perawatan Kucing,Shampoo Kucing,7.50,7.50
Perawatan Hewan,Perawatan Kucing,Snack Kucing,7.50,7.50
Perawatan Hewan,Perawatan Reptil,,0.00,0.00
Perawatan Hewan,Perawatan Reptil,Kandang Reptil,7.50,7.50
Perawatan Hewan,Perawatan Reptil,Lampu UVA & UVB Reptil,10.00,8.00
Perawatan Hewan,Perawatan Reptil,Makanan Reptil,7.50,7.50
Perawatan Hewan,Perawatan Reptil,Obat & Vitamin Reptil,7.50,7.50
Perawatan Hewan,Perlengkapan Hewan,,0.00,0.00
Perawatan Hewan,Perlengkapan Hewan,Alas Kandang Hewan,7.50,7.50
Perawatan Hewan,Perlengkapan Hewan,Disinfektan Kandang,7.50,7.50
Perawatan Hewan,Perlengkapan Hewan,Kandang Hewan,7.50,7.50
Perawatan Hewan,Perlengkapan Hewan,Pet Cargo,7.50,7.50
Perawatan Hewan,Perlengkapan Hewan,Pet Toy,7.50,7.50
Perawatan Hewan,Perlengkapan Hewan,Susu Hewan,7.50,7.50
Perawatan Hewan,Perlengkapan Hewan,Tempat Makan Hewan,7.50,7.50
Perawatan Hewan,Perlengkapan Hewan,Tempat Minum Hewan,7.50,7.50
Perawatan Hewan,Perlengkapan Hewan,Tempat Tidur Hewan,7.50,7.50
Perawatan Tubuh,,,10.00,8.00
Perawatan Tubuh,Grooming,,10.00,8.00
Perawatan Tubuh,Grooming,Alat Cukur Elektrik,10.00,8.00
Perawatan Tubuh,Grooming,Alat Cukur Non Elektrik,10.00,8.00
Perawatan Tubuh,Grooming,Hair Foam,10.00,8.00
Perawatan Tubuh,Grooming,Hair Wax & Pomade,10.00,8.00
Perawatan Tubuh,Grooming,Krim Cukur,10.00,8.00
Perawatan Tubuh,Grooming,Sisir Saku,10.00,8.00
Perawatan Tubuh,Kesehatan Gigi & Mulut,,10.00,8.00
Perawatan Tubuh,Kesehatan Gigi & Mulut,Obat kumur dan spray mulut,10.00,8.00
Perawatan Tubuh,Kesehatan Gigi & Mulut,Pasta Gigi,10.00,8.00
Perawatan Tubuh,Kesehatan Gigi & Mulut,Pembersih Lidah,10.00,8.00
Perawatan Tubuh,Kesehatan Gigi & Mulut,Pemutih Gigi,10.00,8.00
Perawatan Tubuh,Kesehatan Gigi & Mulut,Sikat Gigi,10.00,8.00
Perawatan Tubuh,Kesehatan Gigi & Mulut,benang dan tusuk gigi,10.00,8.00
Perawatan Tubuh,"Parfum, Cologne, & Fragrance",,10.00,8.00
Perawatan Tubuh,"Parfum, Cologne, & Fragrance",Parfum & Cologne Anak-Anak,10.00,8.00
Perawatan Tubuh,"Parfum, Cologne, & Fragrance",Parfum & Cologne Pria,10.00,8.00
Perawatan Tubuh,"Parfum, Cologne, & Fragrance",Parfum & Cologne Unisex,10.00,8.00
Perawatan Tubuh,"Parfum, Cologne, & Fragrance",Parfum & Cologne Wanita,10.00,8.00
Perawatan Tubuh,Perawatan Kaki & Tangan,,10.00,8.00
Perawatan Tubuh,Perawatan Kaki & Tangan,Foot Cream,10.00,8.00
Perawatan Tubuh,Perawatan Kaki & Tangan,Foot Mask,10.00,8.00
Perawatan Tubuh,Perawatan Kaki & Tangan,Foot Scrub,10.00,8.00
Perawatan Tubuh,Perawatan Kaki & Tangan,Foot Spray,10.00,8.00
Perawatan Tubuh,Perawatan Kaki & Tangan,Gunting Kuku,10.00,8.00
Perawatan Tubuh,Perawatan Kaki & Tangan,Hand Cream,10.00,8.00
Perawatan Tubuh,Perawatan Kaki & Tangan,Hand Mask,10.00,8.00
Perawatan Tubuh,Perawatan Kaki & Tangan,Hand Sanitizer,10.00,8.00
Perawatan Tubuh,Perawatan Kaki & Tangan,Sabun Cuci Tangan,10.00,8.00
Perawatan Tubuh,Perawatan Kuku,,10.00,8.00
Perawatan Tubuh,Perawatan Kuku,Alat Manikur & Pedikur,10.00,8.00
Perawatan Tubuh,Perawatan Kuku,Foot Scrub,10.00,8.00
Perawatan Tubuh,Perawatan Kuku,Foot Spray,10.00,8.00
Perawatan Tubuh,Perawatan Kuku,Gunting Kuku,10.00,8.00
Perawatan Tubuh,Perawatan Kuku,Minyak Kutikula Kuku,10.00,8.00
Perawatan Tubuh,Perawatan Kuku,Penghilang Cat Kuku,10.00,8.00
Perawatan Tubuh,Perawatan Kulit,,10.00,8.00
Perawatan Tubuh,Perawatan Kulit,Body Lotion,10.00,8.00
Perawatan Tubuh,Perawatan Kulit,Body Oil,10.00,8.00
Perawatan Tubuh,Perawatan Kulit,Body Scrub,10.00,8.00
Perawatan Tubuh,Perawatan Kulit,Body butter,10.00,8.00
Perawatan Tubuh,Perawatan Kulit,Deodorant,10.00,8.00
Perawatan Tubuh,Perawatan Kulit,Krim Pengencang & Pelangsing,10.00,8.00
Perawatan Tubuh,Perawatan Kulit,Pemutih Tubuh & Ketiak,10.00,8.00
Perawatan Tubuh,Perawatan Kulit,Penghilang Bekas Jerawat,10.00,8.00
Perawatan Tubuh,Perawatan Kulit,Penghilang Bekas Luka,7.50,7.50
Perawatan Tubuh,Perawatan Kulit,Peralatan Waxing,10.00,8.00
Perawatan Tubuh,Perawatan Kulit,Perontok Bulu,10.00,8.00
Perawatan Tubuh,Perawatan Kulit,Stretchmark Cream,7.50,7.50
Perawatan Tubuh,Perawatan Kulit,Sunblock Badan,10.00,8.00
Perawatan Tubuh,Perawatan Mata,,10.00,8.00
Perawatan Tubuh,Perawatan Mata,Cairan Pembersih Sofltens,10.00,8.00
Perawatan Tubuh,Perawatan Mata,Softlens,10.00,8.00
Perawatan Tubuh,Perawatan Mata,Tetes Mata Softlens,10.00,8.00
Perawatan Tubuh,Perawatan Rambut,,10.00,8.00
Perawatan Tubuh,Perawatan Rambut,Conditioner,10.00,8.00
Perawatan Tubuh,Perawatan Rambut,Dry Shampoo,10.00,8.00
Perawatan Tubuh,Perawatan Rambut,Hair tonic,10.00,8.00
Perawatan Tubuh,Perawatan Rambut,Masker Rambut,10.00,8.00
Perawatan Tubuh,Perawatan Rambut,Parfum Rambut,10.00,8.00
Perawatan Tubuh,Perawatan Rambut,Pewarna Rambut,10.00,8.00
Perawatan Tubuh,Perawatan Rambut,Produk Styling Rambut,10.00,8.00
Perawatan Tubuh,Perawatan Rambut,Shampoo,10.00,8.00
Perawatan Tubuh,Perawatan Rambut,Shampoo Kutu,10.00,8.00
Perawatan Tubuh,Perawatan Rambut,Vitamin & Serum Rambut,10.00,8.00
Perawatan Tubuh,Perawatan Telinga,,10.00,8.00
Perawatan Tubuh,Perawatan Telinga,Cotton bud,10.00,8.00
Perawatan Tubuh,Perawatan Telinga,Ear Candle,10.00,8.00
Perawatan Tubuh,Perawatan Telinga,Pembersih Telinga,10.00,8.00
Perawatan Tubuh,Perlengkapan Mandi,,10.00,8.00
Perawatan Tubuh,Perlengkapan Mandi,Bath Bomb,10.00,8.00
Perawatan Tubuh,Perlengkapan Mandi,Bath Salt,10.00,8.00
Perawatan Tubuh,Perlengkapan Mandi,Sabun Mandi,10.00,8.00
Perawatan Tubuh,Perlengkapan Mandi,Shower Cap,7.50,7.50
Perawatan Tubuh,Perlengkapan Mandi,Shower Puff,7.50,7.50
Perawatan Tubuh,Produk Kewanitaan,,10.00,8.00
Perawatan Tubuh,Produk Kewanitaan,Menstrual Cup & Tampon,10.00,8.00
Perawatan Tubuh,Produk Kewanitaan,Pembalut,10.00,8.00
Perawatan Tubuh,Produk Kewanitaan,Perawatan Tubuh Wanita,10.00,8.00
Perawatan Tubuh,Produk Kewanitaan,Sabun Kewanitaan,10.00,8.00
Perlengkapan Pesta,,,10.00,8.00
Perlengkapan Pesta,Balon,,10.00,8.00
Perlengkapan Pesta,Balon,Balon Huruf & Angka,10.00,8.00
Perlengkapan Pesta,Balon,Balon LED,10.00,8.00
Perlengkapan Pesta,Balon,Balon Latex,10.00,8.00
Perlengkapan Pesta,Balon,Balon Tepuk - Supporter,10.00,8.00
Perlengkapan Pesta,Balon,Balon karakter,10.00,8.00
Perlengkapan Pesta,Balon,Pita Balon,10.00,8.00
Perlengkapan Pesta,Balon,Pompa Balon,10.00,8.00
Perlengkapan Pesta,Balon,Stick Balon,10.00,8.00
Perlengkapan Pesta,Bunga,,10.00,8.00
Perlengkapan Pesta,Bunga,Buket Bunga,10.00,8.00
Perlengkapan Pesta,Bunga,Bunga Flanel,10.00,8.00
Perlengkapan Pesta,Bunga,Bunga Kertas,10.00,8.00
Perlengkapan Pesta,Bunga,Bunga Papan,10.00,8.00
Perlengkapan Pesta,Bunga,Bunga Plastik,10.00,8.00
Perlengkapan Pesta,Bunga,Bunga Sabun,10.00,8.00
Perlengkapan Pesta,Bunga,Bunga Tangkai,10.00,8.00
Perlengkapan Pesta,Bunga,Kelopak Bunga,10.00,8.00
Perlengkapan Pesta,Bungkus Kemasan,,10.00,8.00
Perlengkapan Pesta,Bungkus Kemasan,Bubble Wrap,10.00,8.00
Perlengkapan Pesta,Bungkus Kemasan,Goodie Bag,10.00,8.00
Perlengkapan Pesta,Bungkus Kemasan,Kardus,10.00,8.00
Perlengkapan Pesta,Bungkus Kemasan,Kertas Kado,10.00,8.00
Perlengkapan Pesta,Bungkus Kemasan,Kotak Kado,10.00,8.00
Perlengkapan Pesta,Bungkus Kemasan,Pita Kado,10.00,8.00
Perlengkapan Pesta,Bungkus Kemasan,Plastik,10.00,8.00
Perlengkapan Pesta,Dekorasi Pesta,,10.00,8.00
Perlengkapan Pesta,Dekorasi Pesta,Backdrop,10.00,8.00
Perlengkapan Pesta,Dekorasi Pesta,Banner,10.00,8.00
Perlengkapan Pesta,Dekorasi Pesta,Bendera,10.00,8.00
Perlengkapan Pesta,Dekorasi Pesta,Cake Topper,10.00,8.00
Perlengkapan Pesta,Dekorasi Pesta,Lampion,10.00,8.00
Perlengkapan Pesta,Dekorasi Pesta,Pompom,10.00,8.00
Perlengkapan Pesta,Dekorasi Pesta,Tirai Foil,10.00,8.00
Perlengkapan Pesta,Hadiah,,10.00,8.00
Perlengkapan Pesta,Hadiah,Celengan,10.00,8.00
Perlengkapan Pesta,Hadiah,Gantungan Kunci,10.00,8.00
Perlengkapan Pesta,Hadiah,Hadiah Custom,10.00,8.00
Perlengkapan Pesta,Hadiah,Hampers,10.00,8.00
Perlengkapan Pesta,Hadiah,Kartu Ucapan,4.25,4.25
Perlengkapan Pesta,Hadiah,Korek Api,10.00,8.00
Perlengkapan Pesta,Hadiah,Kotak Musik,10.00,8.00
Perlengkapan Pesta,Hadiah,Miniatur & Karikatur,10.00,8.00
Perlengkapan Pesta,Hadiah,Mug Hadiah,10.00,8.00
Perlengkapan Pesta,Hadiah,Selempang - Sash,10.00,8.00
Perlengkapan Pesta,Hadiah,Trophy & Medali,10.00,8.00
Perlengkapan Pesta,Hadiah,Uang Kuno,7.50,7.50
Perlengkapan Pesta,Kebutuhan Pesta,,10.00,8.00
Perlengkapan Pesta,Kebutuhan Pesta,Gelas Pesta,10.00,8.00
Perlengkapan Pesta,Kebutuhan Pesta,Glow Stick,10.00,8.00
Perlengkapan Pesta,Kebutuhan Pesta,Lilin Ulang Tahun,10.00,8.00
Perlengkapan Pesta,Kebutuhan Pesta,Party Popper - Confetti,10.00,8.00
Perlengkapan Pesta,Kebutuhan Pesta,Photo Props,10.00,8.00
Perlengkapan Pesta,Kebutuhan Pesta,Pinata,10.00,8.00
Perlengkapan Pesta,Kebutuhan Pesta,Piring Pesta,10.00,8.00
Perlengkapan Pesta,Kebutuhan Pesta,Smoke Bomb,10.00,8.00
Perlengkapan Pesta,Kebutuhan Pesta,Terompet,10.00,8.00
Perlengkapan Pesta,Kebutuhan Pesta,Topeng Pesta,10.00,8.00
Perlengkapan Pesta,Kebutuhan Pesta,Topi Pesta,10.00,8.00
Perlengkapan Pesta,Kebutuhan Pesta,Undangan Ulang Tahun,4.25,4.25
Perlengkapan Pesta,Persiapan Pernikahan,,10.00,8.00
Perlengkapan Pesta,Persiapan Pernikahan,Buku Tamu,10.00,8.00
Perlengkapan Pesta,Persiapan Pernikahan,Dekorasi Pernikahan,10.00,8.00
Perlengkapan Pesta,Persiapan Pernikahan,Mahar & Seserahan,10.00,8.00
Perlengkapan Pesta,Persiapan Pernikahan,Souvenir Pernikahan,10.00,8.00
Perlengkapan Pesta,Persiapan Pernikahan,Undangan Pernikahan,4.25,4.25
Pertukangan,,,10.00,8.00
Pertukangan,Alat Angkut Barang,,10.00,8.00
Pertukangan,Alat Angkut Barang,Chain Block,10.00,8.00
Pertukangan,Alat Angkut Barang,Katrol,10.00,8.00
Pertukangan,Alat Angkut Barang,Krat Plastik,10.00,8.00
Pertukangan,Alat Angkut Barang,Roda Kastor,10.00,8.00
Pertukangan,Alat Angkut Barang,Stacker,10.00,8.00
Pertukangan,Alat Angkut Barang,Tali Kawat,10.00,8.00
Pertukangan,Alat Angkut Barang,Tangga Lipat,10.00,8.00
Pertukangan,Alat Angkut Barang,Trolley,10.00,8.00
Pertukangan,Alat Keselamatan,,10.00,8.00
Pertukangan,Alat Keselamatan,Ear Protector,10.00,8.00
Pertukangan,Alat Keselamatan,Pemadam Api,10.00,8.00
Pertukangan,Alat Keselamatan,Pita Pembatas & Barikade,10.00,8.00
Pertukangan,Alat Keselamatan,Rompi Proyek,10.00,8.00
Pertukangan,Alat Keselamatan,Safety Belt,10.00,8.00
Pertukangan,Alat Keselamatan,Safety Boots,10.00,8.00
Pertukangan,Alat Keselamatan,Safety Cone,10.00,8.00
Pertukangan,Alat Keselamatan,Safety Glasses,10.00,8.00
Pertukangan,Alat Keselamatan,Safety Glove,10.00,8.00
Pertukangan,Alat Keselamatan,Safety Helmet,10.00,8.00
Pertukangan,Alat Keselamatan,Safety Mask,10.00,8.00
Pertukangan,Alat Keselamatan,Topeng & Helm Las,10.00,8.00
Pertukangan,Alat Keselamatan,Wearpack,10.00,8.00
Pertukangan,Alat Perkebunan,,10.00,8.00
Pertukangan,Alat Perkebunan,Alat Semprot Hama,10.00,8.00
Pertukangan,Alat Perkebunan,Cangkul,10.00,8.00
Pertukangan,Alat Perkebunan,Mesin Blower,10.00,8.00
Pertukangan,Alat Perkebunan,Mesin Fogging,10.00,8.00
Pertukangan,Alat Perkebunan,Mesin Traktor,10.00,8.00
Pertukangan,Alat Perkebunan,Pisau Sabit,10.00,8.00
Pertukangan,Alat Perkebunan,Sekop,10.00,8.00
Pertukangan,Alat Perkebunan,Sprinkler,10.00,8.00
Pertukangan,Alat Ukur Industri,,10.00,8.00
Pertukangan,Alat Ukur Industri,Pengukur Arus Air,10.00,8.00
Pertukangan,Alat Ukur Industri,Pengukur Arus Listrik,10.00,8.00
Pertukangan,Alat Ukur Industri,Pengukur Berat,10.00,8.00
Pertukangan,Alat Ukur Industri,Pengukur Dimensi,10.00,8.00
Pertukangan,Alat Ukur Industri,Pengukur Intensitas Cahaya,10.00,8.00
Pertukangan,Alat Ukur Industri,Pengukur Intensitas Suara,10.00,8.00
Pertukangan,Alat Ukur Industri,Pengukur Kecepatan Rotasi,10.00,8.00
Pertukangan,Alat Ukur Industri,Pengukur Kelembaban,10.00,8.00
Pertukangan,Alat Ukur Industri,Pengukur Kualitas Udara,10.00,8.00
Pertukangan,Alat Ukur Industri,Pengukur Tekanan,10.00,8.00
Pertukangan,Alat Ukur Industri,Pengukur Temperatur,10.00,8.00
Pertukangan,Alat Ukur Industri,Pengukur Tingkat Keasaman,10.00,8.00
Pertukangan,Baut & Mur Pengencang,,10.00,8.00
Pertukangan,Baut & Mur Pengencang,Baut,10.00,8.00
Pertukangan,Baut & Mur Pengencang,Hook,10.00,8.00
Pertukangan,Baut & Mur Pengencang,Mur,10.00,8.00
Pertukangan,Baut & Mur Pengencang,Ring Plat,10.00,8.00
Pertukangan,Baut & Mur Pengencang,Rivet,10.00,8.00
Pertukangan,Baut & Mur Pengencang,Skrup,10.00,8.00
Pertukangan,Cat & Perlengkapan,,10.00,8.00
Pertukangan,Cat & Perlengkapan,Cat Kayu,10.00,8.00
Pertukangan,Cat & Perlengkapan,Cat Pelapis,10.00,8.00
Pertukangan,Cat & Perlengkapan,Cat Semprot,10.00,8.00
Pertukangan,Cat & Perlengkapan,Cat Tembok,10.00,8.00
Pertukangan,Cat & Perlengkapan,Kuas Cat,10.00,8.00
Pertukangan,Cat & Perlengkapan,Plamir,10.00,8.00
Pertukangan,Cat & Perlengkapan,Roller Cat,10.00,8.00
Pertukangan,Cat & Perlengkapan,Thinner,10.00,8.00
Pertukangan,Cat & Perlengkapan,Wallpaper,10.00,8.00
Pertukangan,Generator & Genset,,10.00,8.00
Pertukangan,Gerobak,,7.50,7.50
Pertukangan,Hand Tools,,10.00,8.00
Pertukangan,Hand Tools,Alat Penjepit,10.00,8.00
Pertukangan,Hand Tools,Blow Torch,10.00,8.00
Pertukangan,Hand Tools,Gergaji,10.00,8.00
Pertukangan,Hand Tools,Gunting Pipa,10.00,8.00
Pertukangan,Hand Tools,Kapak,10.00,8.00
Pertukangan,Hand Tools,Kertas Amplas,10.00,8.00
Pertukangan,Hand Tools,Kunci Inggris,10.00,8.00
Pertukangan,Hand Tools,Kunci L,10.00,8.00
Pertukangan,Hand Tools,Kunci Ring Pas,10.00,8.00
Pertukangan,Hand Tools,Kunci Shock,10.00,8.00
Pertukangan,Hand Tools,Kunci T,10.00,8.00
Pertukangan,Hand Tools,Mata Obeng,10.00,8.00
Pertukangan,Hand Tools,Obeng,10.00,8.00
Pertukangan,Hand Tools,Palu,10.00,8.00
Pertukangan,Hand Tools,Pinset,10.00,8.00
Pertukangan,Hand Tools,Sendok Semen,10.00,8.00
Pertukangan,Hand Tools,Staples Gun,4.25,4.25
Pertukangan,Hand Tools,Tang,10.00,8.00
Pertukangan,Hand Tools,Tang Crimping,10.00,8.00
Pertukangan,Hand Tools,Tang Potong,10.00,8.00
Pertukangan,Hand Tools,Tool Kit Set,10.00,8.00
Pertukangan,Hand Tools,Treker,10.00,8.00
Pertukangan,Industrial Material,,10.00,8.00
Pertukangan,Industrial Material,Biji Plastik,10.00,8.00
Pertukangan,Industrial Material,Kaporit,10.00,8.00
Pertukangan,Industrial Material,Resin,10.00,8.00
Pertukangan,Industrial Material,Rubber Sheet,10.00,8.00
Pertukangan,Lampu,,10.00,8.00
Pertukangan,Lampu,Bohlam,10.00,8.00
Pertukangan,Lampu,Fitting Lampu,10.00,8.00
Pertukangan,Lampu,Lampu Baca,10.00,8.00
Pertukangan,Lampu,Lampu Darurat,10.00,8.00
Pertukangan,Lampu,Lampu Dinding,10.00,8.00
Pertukangan,Lampu,Lampu Gantung,10.00,8.00
Pertukangan,Lampu,Lampu Hias,10.00,8.00
Pertukangan,Lampu,Lampu Meja,10.00,8.00
Pertukangan,Lampu,Lampu Proyektor,10.00,8.00
Pertukangan,Lampu,Lampu Tidur,10.00,8.00
Pertukangan,Lampu,Senter,10.00,8.00
Pertukangan,Lampu,Smart Lamp,10.00,8.00
Pertukangan,Ledeng,,10.00,8.00
Pertukangan,Ledeng,Bath Tub,10.00,8.00
Pertukangan,Ledeng,Filter Keran Air,10.00,8.00
Pertukangan,Ledeng,Fitting Pipa,10.00,8.00
Pertukangan,Ledeng,Foot Valve & Klep,10.00,8.00
Pertukangan,Ledeng,Jet Shower Toilet,10.00,8.00
Pertukangan,Ledeng,Kepala Shower Mandi,10.00,8.00
Pertukangan,Ledeng,Keran Air,10.00,8.00
Pertukangan,Ledeng,Kloset,10.00,8.00
Pertukangan,Ledeng,Lem Pipa,10.00,8.00
Pertukangan,Ledeng,Pembersih Saluran Air,10.00,8.00
Pertukangan,Ledeng,Pipa PVC,10.00,8.00
Pertukangan,Ledeng,Pompa Air,10.00,8.00
Pertukangan,Ledeng,Saringan Got,10.00,8.00
Pertukangan,Ledeng,Selang Shower,10.00,8.00
Pertukangan,Ledeng,Septic Tank,10.00,8.00
Pertukangan,Ledeng,Shower Holder,10.00,8.00
Pertukangan,Ledeng,Tiang Shower,10.00,8.00
Pertukangan,Ledeng,Toren Air,10.00,8.00
Pertukangan,Ledeng,Washtafel,10.00,8.00
Pertukangan,Ledeng,Water Heater,4.25,4.25
Pertukangan,Machinery,,10.00,8.00
Pertukangan,Machinery,Mesin Bandsaw,10.00,8.00
Pertukangan,Machinery,Mesin Bending,10.00,8.00
Pertukangan,Machinery,Mesin Bubut,10.00,8.00
Pertukangan,Machinery,Mesin Milling,10.00,8.00
Pertukangan,Machinery,Mesin Produksi,10.00,8.00
Pertukangan,Material Bangunan,,10.00,8.00
Pertukangan,Material Bangunan,Asbes,10.00,8.00
Pertukangan,Material Bangunan,Baja,10.00,8.00
Pertukangan,Material Bangunan,Batako,10.00,8.00
Pertukangan,Material Bangunan,Batu,10.00,8.00
Pertukangan,Material Bangunan,Batu Bata,10.00,8.00
Pertukangan,Material Bangunan,Besi,10.00,8.00
Pertukangan,Material Bangunan,Beton,10.00,8.00
Pertukangan,Material Bangunan,Digital Lock,10.00,8.00
Pertukangan,Material Bangunan,Engsel,10.00,8.00
Pertukangan,Material Bangunan,Gagang Pintu,10.00,8.00
Pertukangan,Material Bangunan,Gembok,10.00,8.00
Pertukangan,Material Bangunan,Genteng,10.00,8.00
Pertukangan,Material Bangunan,Granit,10.00,8.00
Pertukangan,Material Bangunan,Grendel,10.00,8.00
Pertukangan,Material Bangunan,Jendela,10.00,8.00
Pertukangan,Material Bangunan,Kaca,10.00,8.00
Pertukangan,Material Bangunan,Kawat,10.00,8.00
Pertukangan,Material Bangunan,Kayu,10.00,8.00
Pertukangan,Material Bangunan,Keramik Lantai,10.00,8.00
Pertukangan,Material Bangunan,Kusen Pintu,10.00,8.00
Pertukangan,Material Bangunan,Lantai Kayu,10.00,8.00
Pertukangan,Material Bangunan,Paku,10.00,8.00
Pertukangan,Material Bangunan,Pasir,10.00,8.00
Pertukangan,Material Bangunan,Semen,10.00,8.00
Pertukangan,Material Bangunan,Soda Api,10.00,8.00
Pertukangan,Material Bangunan,Tanah,10.00,8.00
Pertukangan,Material Bangunan,Triplek,10.00,8.00
Pertukangan,Motors & Power Transmission,,10.00,8.00
Pertukangan,Motors & Power Transmission,Dinamo & Motor,10.00,8.00
Pertukangan,Motors & Power Transmission,Industrial Fan,5.75,5.75
Pertukangan,Motors & Power Transmission,Motor Starter,10.00,8.00
Pertukangan,Motors & Power Transmission,Transmission Belt,7.50,7.50
Pertukangan,Otomasi Industrial,,10.00,8.00
Pertukangan,Otomasi Industrial,Capacitor,10.00,8.00
Pertukangan,Otomasi Industrial,Circuit Breaker,10.00,8.00
Pertukangan,Otomasi Industrial,Contactor,10.00,8.00
Pertukangan,Otomasi Industrial,Digital Counter,10.00,8.00
Pertukangan,Otomasi Industrial,Encoder,10.00,8.00
Pertukangan,Otomasi Industrial,Gas Sensor,10.00,8.00
Pertukangan,Otomasi Industrial,Human Machine Interface,10.00,8.00
Pertukangan,Otomasi Industrial,Indikator Temperatur,10.00,8.00
Pertukangan,Otomasi Industrial,Industrial Plug,10.00,8.00
Pertukangan,Otomasi Industrial,Industrial Socket,10.00,8.00
Pertukangan,Otomasi Industrial,Level Sensor,10.00,8.00
Pertukangan,Otomasi Industrial,Limit Switch,10.00,8.00
Pertukangan,Otomasi Industrial,PID controller,10.00,8.00
Pertukangan,Otomasi Industrial,PLC,10.00,8.00
Pertukangan,Otomasi Industrial,Photoelectric Sensor,10.00,8.00
Pertukangan,Otomasi Industrial,Pilot Light,10.00,8.00
Pertukangan,Otomasi Industrial,Push Button,10.00,8.00
Pertukangan,Otomasi Industrial,Relay,10.00,8.00
Pertukangan,Otomasi Industrial,Remote IO,10.00,8.00
Pertukangan,Otomasi Industrial,SMPS,10.00,8.00
Pertukangan,Otomasi Industrial,Sensor Proximity,10.00,8.00
Pertukangan,Otomasi Industrial,Signal Beacon,10.00,8.00
Pertukangan,Otomasi Industrial,Signal Towers,10.00,8.00
Pertukangan,Perangkat Keamanan,,10.00,8.00
Pertukangan,Perangkat Keamanan,Access Control Door,4.25,4.25
Pertukangan,Perangkat Keamanan,Alarm,10.00,8.00
Pertukangan,Perangkat Keamanan,Metal Detector,10.00,8.00
Pertukangan,Perangkat Keamanan,Motion Detector,10.00,8.00
Pertukangan,Perangkat Keamanan,Smoke Detector,10.00,8.00
Pertukangan,Perangkat Keamanan,Spare Part,10.00,8.00
Pertukangan,Perlengkapan Las,,10.00,8.00
Pertukangan,Perlengkapan Las,Generator Las,10.00,8.00
Pertukangan,Perlengkapan Las,Kawat Las,10.00,8.00
Pertukangan,Perlengkapan Las,Mesin Las,10.00,8.00
Pertukangan,Perlengkapan Las,Pasta Solder,10.00,8.00
Pertukangan,Perlengkapan Las,Solder,10.00,8.00
Pertukangan,Perlengkapan Las,Soldering Kit,10.00,8.00
Pertukangan,Perlengkapan Las,Timah Solder,10.00,8.00
Pertukangan,Perlengkapan Listrik,,10.00,8.00
Pertukangan,Perlengkapan Listrik,Adaptor,5.75,5.75
Pertukangan,Perlengkapan Listrik,Anti Petir,10.00,8.00
Pertukangan,Perlengkapan Listrik,Bel,10.00,8.00
Pertukangan,Perlengkapan Listrik,Insulator,10.00,8.00
Pertukangan,Perlengkapan Listrik,Isolasi Listrik,10.00,8.00
Pertukangan,Perlengkapan Listrik,Kabel Roll,4.25,4.25
Pertukangan,Perlengkapan Listrik,Komponen Listrik,10.00,8.00
Pertukangan,Perlengkapan Listrik,MCB,10.00,8.00
Pertukangan,Perlengkapan Listrik,Pelindung Kabel Spiral,4.25,4.25
Pertukangan,Perlengkapan Listrik,Pengaman Stop Kontak,10.00,8.00
Pertukangan,Perlengkapan Listrik,Penghemat Listrik,10.00,8.00
Pertukangan,Perlengkapan Listrik,Power Supply,10.00,8.00
Pertukangan,Perlengkapan Listrik,Saklar,10.00,8.00
Pertukangan,Perlengkapan Listrik,Steker,10.00,8.00
Pertukangan,Perlengkapan Listrik,Stop Kontak,10.00,8.00
Pertukangan,Perlengkapan Listrik,Stun Gun,10.00,8.00
Pertukangan,Pneumatic,,10.00,8.00
Pertukangan,Pneumatic,Actuator Pneumatic,10.00,8.00
Pertukangan,Pneumatic,Fitting Pneumatic,10.00,8.00
Pertukangan,Pneumatic,Kompresor Udara,10.00,8.00
Pertukangan,Pneumatic,Pengatur Kecepatan,10.00,8.00
Pertukangan,Pneumatic,Pompa Angin,10.00,8.00
Pertukangan,Pneumatic,Regulator Pneumatic,10.00,8.00
Pertukangan,Pneumatic,Silinder Pneumatic,10.00,8.00
Pertukangan,Pneumatic,Spray & Air Gun,10.00,8.00
Pertukangan,Pneumatic,Switch Pneumatic,10.00,8.00
Pertukangan,Pneumatic,Vacuum Pneumatic,10.00,8.00
Pertukangan,Power Tools,,10.00,8.00
Pertukangan,Power Tools,Gergaji Listrik,10.00,8.00
Pertukangan,Power Tools,Hot Gun,10.00,8.00
Pertukangan,Power Tools,Mata Bor,10.00,8.00
Pertukangan,Power Tools,Mata Gerinda,10.00,8.00
Pertukangan,Power Tools,Mesin Amplas,10.00,8.00
Pertukangan,Power Tools,Mesin Biscuit Jointer,10.00,8.00
Pertukangan,Power Tools,Mesin Bobok,10.00,8.00
Pertukangan,Power Tools,Mesin Bor,10.00,8.00
Pertukangan,Power Tools,Mesin Gerinda,10.00,8.00
Pertukangan,Power Tools,Mesin Mixer Cat,10.00,8.00
Pertukangan,Power Tools,Mesin Multi Oskilasi,10.00,8.00
Pertukangan,Power Tools,Mesin Pemoles,10.00,8.00
Pertukangan,Power Tools,Mesin Serut Kayu,10.00,8.00
Pertukangan,Tape & Sealant Perekat,,10.00,8.00
Pertukangan,Tape & Sealant Perekat,Lem Material,10.00,8.00
Pertukangan,Tape & Sealant Perekat,Lem Talang,10.00,8.00
Pertukangan,Tape & Sealant Perekat,Lem Tembak,10.00,8.00
Pertukangan,Tenaga Surya,,10.00,8.00
Pertukangan,Tenaga Surya,Solar Cables,10.00,8.00
Pertukangan,Tenaga Surya,Solar Charge Controller,10.00,8.00
Pertukangan,Tenaga Surya,Solar Inverter,10.00,8.00
Pertukangan,Tenaga Surya,Solar Panel,10.00,8.00
Properti,,,7.50,7.50
Properti,Booking Fee Properti,,7.50,7.50
Properti,Booking Fee Properti,Apartemen Booking Fee,7.50,7.50
Properti,Booking Fee Properti,Gedung Booking Fee,7.50,7.50
Properti,Booking Fee Properti,Ruko Booking Fee,7.50,7.50
Properti,Booking Fee Properti,Rumah Booking Fee,7.50,7.50
Properti,Booking Fee Properti,Tanah Booking Fee,7.50,7.50
Properti,Booking Fee Properti,Villa Booking Fee,7.50,7.50
Properti,Full Payment Properti,,7.50,7.50
Properti,Full Payment Properti,Apartemen Full Payment,7.50,7.50
Properti,Full Payment Properti,Gedung Full Payment,7.50,7.50
Properti,Full Payment Properti,Ruko Full Payment,7.50,7.50
Properti,Full Payment Properti,Rumah Full Payment,7.50,7.50
Properti,Full Payment Properti,Tanah Full Payment,7.50,7.50
Properti,Full Payment Properti,Villa Full Payment,7.50,7.50
Properti,Sewa Properti,,7.50,7.50
Properti,Sewa Properti,Apartemen Sewa,7.50,7.50
Properti,Sewa Properti,Gedung Sewa,7.50,7.50
Properti,Sewa Properti,Kos - Kosan,7.50,7.50
Properti,Sewa Properti,Ruko Sewa,7.50,7.50
Properti,Sewa Properti,Rumah Sewa,7.50,7.50
Properti,Sewa Properti,Tanah Sewa,7.50,7.50
Properti,Sewa Properti,Villa Sewa,7.50,7.50
"Tiket, Travel, Voucher",,,10.00,8.00
"Tiket, Travel, Voucher",Dokumen Perjalanan,,10.00,8.00
"Tiket, Travel, Voucher",Dokumen Perjalanan,Asuransi Perjalanan,10.00,8.00
"Tiket, Travel, Voucher",Dokumen Perjalanan,Jasa Pembuatan Visa,10.00,8.00
"Tiket, Travel, Voucher",Paket Tur,,10.00,8.00
"Tiket, Travel, Voucher",Paket Tur,Kapal Pesiar (Cruise),10.00,8.00
"Tiket, Travel, Voucher",Paket Tur,Land Tour,10.00,8.00
"Tiket, Travel, Voucher",Paket Tur,Tur Internasional,10.00,8.00
"Tiket, Travel, Voucher",Paket Tur,Wisata Indonesia,10.00,8.00
"Tiket, Travel, Voucher",Paket Tur,Wisata Religi,10.00,8.00
"Tiket, Travel, Voucher",Sim Card & Wifi Internasional,,10.00,8.00
"Tiket, Travel, Voucher",Sim Card & Wifi Internasional,Sim Card Amerika Serikat,10.00,8.00
"Tiket, Travel, Voucher",Sim Card & Wifi Internasional,Sim Card Australia & New Zealand,10.00,8.00
"Tiket, Travel, Voucher",Sim Card & Wifi Internasional,"Sim Card China, Hong Kong, Macau",10.00,8.00
"Tiket, Travel, Voucher",Sim Card & Wifi Internasional,Sim Card Eropa,10.00,8.00
"Tiket, Travel, Voucher",Sim Card & Wifi Internasional,Sim Card Jepang,10.00,8.00
"Tiket, Travel, Voucher",Sim Card & Wifi Internasional,Sim Card Korea,10.00,8.00
"Tiket, Travel, Voucher",Sim Card & Wifi Internasional,Sim Card Negara Lainnya,10.00,8.00
"Tiket, Travel, Voucher",Sim Card & Wifi Internasional,Sim Card Saudi Arabia,10.00,8.00
"Tiket, Travel, Voucher",Sim Card & Wifi Internasional,"Sim Card Singapore, Malaysia, Thailand",10.00,8.00
"Tiket, Travel, Voucher",Sim Card & Wifi Internasional,Sim Card Taiwan,10.00,8.00
"Tiket, Travel, Voucher",Sim Card & Wifi Internasional,Wifi Amerika,5.75,5.75
"Tiket, Travel, Voucher",Sim Card & Wifi Internasional,Wifi Asia,5.75,5.75
"Tiket, Travel, Voucher",Sim Card & Wifi Internasional,Wifi Australia,5.75,5.75
"Tiket, Travel, Voucher",Sim Card & Wifi Internasional,Wifi Eropa,5.75,5.75
"Tiket, Travel, Voucher",Tiket Atraksi,,10.00,8.00
"Tiket, Travel, Voucher",Tiket Atraksi,Sewa Kostum,10.00,8.00
"Tiket, Travel, Voucher",Tiket Atraksi,Tiket Atraksi Domestik,10.00,8.00
"Tiket, Travel, Voucher",Tiket Atraksi,Tiket Atraksi Internasional,10.00,8.00
"Tiket, Travel, Voucher",Tiket Transportasi,,10.00,8.00
"Tiket, Travel, Voucher",Tiket Transportasi,Sewa Bus,10.00,8.00
"Tiket, Travel, Voucher",Tiket Transportasi,Sewa Mobil,10.00,8.00
"Tiket, Travel, Voucher",Tiket Transportasi,Tiket Rail Pass,10.00,8.00
"Tiket, Travel, Voucher",Voucher Fisik,,1.00,1.00
"Tiket, Travel, Voucher",Voucher Fisik,Travel Voucher,1.00,1.00
"Tiket, Travel, Voucher",Voucher Fisik,Voucher & Gift Card,1.00,1.00
"Tiket, Travel, Voucher",Voucher Fisik,Voucher Agen Travel,1.00,1.00
"Tiket, Travel, Voucher",Voucher Fisik,Voucher Fotografi,1.00,1.00
"Tiket, Travel, Voucher",Voucher Fisik,Voucher Hotel,1.00,1.00
Sayur & Buah Segar,,,0.00,0.00
Sayur & Buah Segar,Bawang,,0.00,0.00
Sayur & Buah Segar,Bawang,Bawang Bombay,0.00,0.00
Sayur & Buah Segar,Bawang,Bawang Clearance,0.00,0.00
Sayur & Buah Segar,Bawang,Bawang Merah,0.00,0.00
Sayur & Buah Segar,Bawang,Bawang Putih,0.00,0.00
Sayur & Buah Segar,Buah,,0.00,0.00
Sayur & Buah Segar,Buah,Alpukat,0.00,0.00
Sayur & Buah Segar,Buah,Anggur,0.00,0.00
Sayur & Buah Segar,Buah,Apel,0.00,0.00
Sayur & Buah Segar,Buah,Bit,0.00,0.00
Sayur & Buah Segar,Buah,Blueberry,0.00,0.00
Sayur & Buah Segar,Buah,Buah Beku,0.00,0.00
Sayur & Buah Segar,Buah,Buah Naga,0.00,0.00
Sayur & Buah Segar,Buah,Buah-Buahan Clearance,0.00,0.00
Sayur & Buah Segar,Buah,Cherry,0.00,0.00
Sayur & Buah Segar,Buah,Durian,0.00,0.00
Sayur & Buah Segar,Buah,Jambu,0.00,0.00
Sayur & Buah Segar,Buah,Jeruk,0.00,0.00
Sayur & Buah Segar,Buah,Jeruk Nipis,0.00,0.00
Sayur & Buah Segar,Buah,Kelapa,0.00,0.00
Sayur & Buah Segar,Buah,Kelengkeng,0.00,0.00
Sayur & Buah Segar,Buah,Kiwi,0.00,0.00
Sayur & Buah Segar,Buah,Kulang Kaling,0.00,0.00
Sayur & Buah Segar,Buah,Kurma,0.00,0.00
Sayur & Buah Segar,Buah,Lemon,0.00,0.00
Sayur & Buah Segar,Buah,Lychee,0.00,0.00
Sayur & Buah Segar,Buah,Mangga,0.00,0.00
Sayur & Buah Segar,Buah,Manggis,0.00,0.00
Sayur & Buah Segar,Buah,Melon,0.00,0.00
Sayur & Buah Segar,Buah,Nanas,0.00,0.00
Sayur & Buah Segar,Buah,Nangka,0.00,0.00
Sayur & Buah Segar,Buah,Peach,0.00,0.00
Sayur & Buah Segar,Buah,Pepaya,0.00,0.00
Sayur & Buah Segar,Buah,Pir,0.00,0.00
Sayur & Buah Segar,Buah,Pisang,0.00,0.00
Sayur & Buah Segar,Buah,Salak,0.00,0.00
Sayur & Buah Segar,Buah,Sawo,0.00,0.00
Sayur & Buah Segar,Buah,Semangka,0.00,0.00
Sayur & Buah Segar,Buah,Sirsak,0.00,0.00
Sayur & Buah Segar,Buah,Strawberry,0.00,0.00
Sayur & Buah Segar,Jamur,,0.00,0.00
Sayur & Buah Segar,Jamur,Jamue Shitake,0.00,0.00
Sayur & Buah Segar,Jamur,Jamur Champignon,0.00,0.00
Sayur & Buah Segar,Jamur,Jamur Enoki,0.00,0.00
Sayur & Buah Segar,Jamur,Jamur Kancing,0.00,0.00
Sayur & Buah Segar,Jamur,Jamur Kuping,0.00,0.00
Sayur & Buah Segar,Jamur,Jamur Shimeji,0.00,0.00
Sayur & Buah Segar,Jamur,Jamur Tiram,0.00,0.00
Sayur & Buah Segar,Paket Sayur,,0.00,0.00
Sayur & Buah Segar,Paket Sayur,Paket Masak,0.00,0.00
Sayur & Buah Segar,Paket Sayur,Paket Sayur,0.00,0.00
Sayur & Buah Segar,Rempah,,0.00,0.00
Sayur & Buah Segar,Rempah,Daun & Rempah Lainnya,0.00,0.00
Sayur & Buah Segar,Rempah,Daun Jeruk,0.00,0.00
Sayur & Buah Segar,Rempah,Daun Kemangi,0.00,0.00
Sayur & Buah Segar,Rempah,Daun Ketumbar,0.00,0.00
Sayur & Buah Segar,Rempah,Daun Pandan,0.00,0.00
Sayur & Buah Segar,Rempah,Daun Salam,0.00,0.00
Sayur & Buah Segar,Rempah,Jahe,0.00,0.00
Sayur & Buah Segar,Rempah,Kemiri,0.00,0.00
Sayur & Buah Segar,Rempah,Kencur,0.00,0.00
Sayur & Buah Segar,Rempah,Kunyit,0.00,0.00
Sayur & Buah Segar,Rempah,Lengkuas,0.00,0.00
Sayur & Buah Segar,Rempah,Rempah Clearance,0.00,0.00
Sayur & Buah Segar,Rempah,Rosemary,0.00,0.00
Sayur & Buah Segar,Rempah,Sereh,0.00,0.00
Sayur & Buah Segar,Sayur,,0.00,0.00
Sayur & Buah Segar,Sayur,Aneka Sayuran Clearance,0.00,0.00
Sayur & Buah Segar,Sayur,Asparagus,0.00,0.00
Sayur & Buah Segar,Sayur,Bayam,0.00,0.00
Sayur & Buah Segar,Sayur,Bengkuang,0.00,0.00
Sayur & Buah Segar,Sayur,Brokoli,0.00,0.00
Sayur & Buah Segar,Sayur,Buncis,0.00,0.00
Sayur & Buah Segar,Sayur,Cabe Hijau,0.00,0.00
Sayur & Buah Segar,Sayur,Cabe Merah,0.00,0.00
Sayur & Buah Segar,Sayur,Cabe Rawit,0.00,0.00
Sayur & Buah Segar,Sayur,Caisim,0.00,0.00
Sayur & Buah Segar,Sayur,Ceciwis,0.00,0.00
Sayur & Buah Segar,Sayur,Daun Bawang,0.00,0.00
Sayur & Buah Segar,Sayur,Daun Singkong,0.00,0.00
Sayur & Buah Segar,Sayur,Edamame,0.00,0.00
Sayur & Buah Segar,Sayur,Jagung,0.00,0.00
Sayur & Buah Segar,Sayur,Jalapeno,0.00,0.00
Sayur & Buah Segar,Sayur,Jantung Pisang,0.00,0.00
Sayur & Buah Segar,Sayur,Jengkol,0.00,0.00
Sayur & Buah Segar,Sayur,Kacang Panjang,0.00,0.00
Sayur & Buah Segar,Sayur,Kailan,0.00,0.00
Sayur & Buah Segar,Sayur,Kale,0.00,0.00
Sayur & Buah Segar,Sayur,Kangkung,0.00,0.00
Sayur & Buah Segar,Sayur,Kembang Kol,0.00,0.00
Sayur & Buah Segar,Sayur,Kentang,0.00,0.00
Sayur & Buah Segar,Sayur,Kol,0.00,0.00
Sayur & Buah Segar,Sayur,Kucai,0.00,0.00
Sayur & Buah Segar,Sayur,Labu,0.00,0.00
Sayur & Buah Segar,Sayur,Leunca,0.00,0.00
Sayur & Buah Segar,Sayur,Lidah Buaya,0.00,0.00
Sayur & Buah Segar,Sayur,Lobak,0.00,0.00
Sayur & Buah Segar,Sayur,Oyong,0.00,0.00
Sayur & Buah Segar,Sayur,Pak Choy,0.00,0.00
Sayur & Buah Segar,Sayur,Paprika,0.00,0.00
Sayur & Buah Segar,Sayur,Pare,0.00,0.00
Sayur & Buah Segar,Sayur,Pete,0.00,0.00
Sayur & Buah Segar,Sayur,Sawi,0.00,0.00
Sayur & Buah Segar,Sayur,Sayuran Beku,0.00,0.00
Sayur & Buah Segar,Sayur,Selada,0.00,0.00
Sayur & Buah Segar,Sayur,Seledri,0.00,0.00
Sayur & Buah Segar,Sayur,Tauge,0.00,0.00
Sayur & Buah Segar,Sayur,Terong,0.00,0.00
Sayur & Buah Segar,Sayur,Timun,0.00,0.00
Sayur & Buah Segar,Sayur,Tomat,0.00,0.00
Sayur & Buah Segar,Sayur,Ubi,0.00,0.00
Sayur & Buah Segar,Sayur,Wortel,0.00,0.00
Sayur & Buah Segar,Tahu & Tempe,,0.00,0.00
Sayur & Buah Segar,Tahu & Tempe,Tahu Cina,0.00,0.00
Sayur & Buah Segar,Tahu & Tempe,Tahu Kuning,0.00,0.00
Sayur & Buah Segar,Tahu & Tempe,Tahu Putih,0.00,0.00
Sayur & Buah Segar,Tahu & Tempe,Tahu Susu,0.00,0.00
Sayur & Buah Segar,Tahu & Tempe,Tahu Sutra,0.00,0.00
Sayur & Buah Segar,Tahu & Tempe,Tempe,0.00,0.00
Sayur & Buah Segar,Tahu & Tempe,Tempe Mendoan,0.00,0.00
Sayur & Buah Segar,Tahu & Tempe,Tofu,0.00,0.00
Hadiah,,,0.00,0.00
Bumbu Masakan,,,0.00,0.00
Bumbu Masakan,Bahan Roti & Kue,,0.00,0.00
Bumbu Masakan,Bahan Roti & Kue,Bahan Puding & Agar - Agar,0.00,0.00
Bumbu Masakan,Bahan Roti & Kue,Baking Powder,0.00,0.00
Bumbu Masakan,Bahan Roti & Kue,Baking Soda,0.00,0.00
Bumbu Masakan,Bahan Roti & Kue,Coklat Bubuk,0.00,0.00
Bumbu Masakan,Bahan Roti & Kue,Coklat Masak,0.00,0.00
Bumbu Masakan,Bahan Roti & Kue,Pastry & Olahan Tepung Lainnya,0.00,0.00
Bumbu Masakan,Bahan Roti & Kue,Perisa Makanan,0.00,0.00
Bumbu Masakan,Bahan Roti & Kue,Pewarna Makanan,0.00,0.00
Bumbu Masakan,Bahan Roti & Kue,Ragi,0.00,0.00
Bumbu Masakan,Bahan Roti & Kue,Susu Evaporasi,0.00,0.00
Bumbu Masakan,Bahan Roti & Kue,Topping Kue,0.00,0.00
Bumbu Masakan,Bumbu Instan,,0.00,0.00
Bumbu Masakan,Bumbu Instan,Bumbu Masak Indonesia,0.00,0.00
Bumbu Masakan,Bumbu Instan,Bumbu Masak Kontinental,0.00,0.00
Bumbu Masakan,Bumbu Instan,Bumbu Masak Korea dan Asia,0.00,0.00
Bumbu Masakan,Bumbu Instan,Bumbu Masak Oriental,0.00,0.00
Bumbu Masakan,Bumbu Instan,Bumbu Pasta,0.00,0.00
Bumbu Masakan,"Gula, Garam & Merica",,0.00,0.00
Bumbu Masakan,"Gula, Garam & Merica",Bawang Goreng,0.00,0.00
Bumbu Masakan,"Gula, Garam & Merica",Bawang Putih Bubuk,0.00,0.00
Bumbu Masakan,"Gula, Garam & Merica",Garam Dapur,0.00,0.00
Bumbu Masakan,"Gula, Garam & Merica",Garam Himalaya,0.00,0.00
Bumbu Masakan,"Gula, Garam & Merica",Garam Laut,0.00,0.00
Bumbu Masakan,"Gula, Garam & Merica",Gula Aren,0.00,0.00
Bumbu Masakan,"Gula, Garam & Merica",Gula Putih,0.00,0.00
Bumbu Masakan,"Gula, Garam & Merica",Lada Hitam,0.00,0.00
Bumbu Masakan,"Gula, Garam & Merica",Lada Putih,0.00,0.00
Bumbu Masakan,"Gula, Garam & Merica",Merica,0.00,0.00
Bumbu Masakan,"Gula, Garam & Merica",Paprika Bubuk,0.00,0.00
Bumbu Masakan,"Gula, Garam & Merica",Rempah Kering,0.00,0.00
Bumbu Masakan,Kaldu & Penyedap,,0.00,0.00
Bumbu Masakan,Kaldu & Penyedap,Kaldu Ayam,0.00,0.00
Bumbu Masakan,Kaldu & Penyedap,Kaldu Jamur,0.00,0.00
Bumbu Masakan,Kaldu & Penyedap,Kaldu Sapi,0.00,0.00
Bumbu Masakan,Kaldu & Penyedap,MInyak Wijen,0.00,0.00
Bumbu Masakan,Kaldu & Penyedap,Penyedap Rasa,0.00,0.00
Bumbu Masakan,Kaldu & Penyedap,Terasi,0.00,0.00
Bumbu Masakan,Minyak,,0.00,0.00
Bumbu Masakan,Minyak,Minyak Goreng,0.00,0.00
Bumbu Masakan,Minyak,Minyak Kelapa,0.00,0.00
Bumbu Masakan,Minyak,Minyak Lainnya,0.00,0.00
Bumbu Masakan,Minyak,Minyak Zaitun,0.00,0.00
Bumbu Masakan,"Sambal, saus & kecap",,0.00,0.00
Bumbu Masakan,"Sambal, saus & kecap",Bon Nori,0.00,0.00
Bumbu Masakan,"Sambal, saus & kecap",Boncabe,0.00,0.00
Bumbu Masakan,"Sambal, saus & kecap",Cuka,0.00,0.00
Bumbu Masakan,"Sambal, saus & kecap",Kecap Asin,0.00,0.00
Bumbu Masakan,"Sambal, saus & kecap",Kecap Ikan,0.00,0.00
Bumbu Masakan,"Sambal, saus & kecap",Kecap Manis,0.00,0.00
Bumbu Masakan,"Sambal, saus & kecap",Mayonaise,0.00,0.00
Bumbu Masakan,"Sambal, saus & kecap",Sambal Bawang,0.00,0.00
Bumbu Masakan,"Sambal, saus & kecap",Sambal Terasi,0.00,0.00
Bumbu Masakan,"Sambal, saus & kecap",Saus BBQ,0.00,0.00
Bumbu Masakan,"Sambal, saus & kecap",Saus Dressing,0.00,0.00
Bumbu Masakan,"Sambal, saus & kecap",Saus Import,0.00,0.00
Bumbu Masakan,"Sambal, saus & kecap",Saus Sambal,0.00,0.00
Bumbu Masakan,"Sambal, saus & kecap",Saus Sambal Lainnya,0.00,0.00
Bumbu Masakan,"Sambal, saus & kecap",Saus Teriyaki,0.00,0.00
Bumbu Masakan,"Sambal, saus & kecap",Saus Tiram,0.00,0.00
Bumbu Masakan,"Sambal, saus & kecap",Saus Tomat,0.00,0.00
Bumbu Masakan,Santan,,0.00,0.00
Bumbu Masakan,Santan,Santan Bubuk,0.00,0.00
Bumbu Masakan,Santan,Santan Cair,0.00,0.00
Bumbu Masakan,Tepung,,0.00,0.00
Bumbu Masakan,Tepung,Kulit Lumpia,0.00,0.00
Bumbu Masakan,Tepung,Tepung Beras & Ketan,0.00,0.00
Bumbu Masakan,Tepung,Tepung Bumbu & Tepung Siap Pakai,0.00,0.00
Bumbu Masakan,Tepung,Tepung Jagung,0.00,0.00
Bumbu Masakan,Tepung,Tepung Roti - Panir,0.00,0.00
Bumbu Masakan,Tepung,Tepung Sagu,0.00,0.00
Bumbu Masakan,Tepung,Tepung Tapioka,0.00,0.00
Bumbu Masakan,Tepung,Tepung Terigu & Gandum,0.00,0.00
Snack & Es Krim,,,0.00,0.00
Snack & Es Krim,Biskuit & Wafer,,0.00,0.00
Snack & Es Krim,Biskuit & Wafer,Biskuit,0.00,0.00
Snack & Es Krim,Biskuit & Wafer,Wafer,0.00,0.00
Snack & Es Krim,Cokelat & Permen,,0.00,0.00
Snack & Es Krim,Cokelat & Permen,Cokelat,0.00,0.00
Snack & Es Krim,Cokelat & Permen,Permen,0.00,0.00
Snack & Es Krim,Frozen Snack,,0.00,0.00
Snack & Es Krim,Frozen Snack,Es Krim,0.00,0.00
Snack & Es Krim,Kacang & Keripik,,0.00,0.00
Snack & Es Krim,Kacang & Keripik,Kacang,0.00,0.00
Snack & Es Krim,Kacang & Keripik,Keripik Kentang,0.00,0.00
Snack & Es Krim,Kacang & Keripik,Keripik Lainnya,0.00,0.00
Snack & Es Krim,Kacang & Keripik,Keripik Nangka,0.00,0.00
Snack & Es Krim,Kacang & Keripik,Keripik Pisang,0.00,0.00
Snack & Es Krim,Kacang & Keripik,Keripik Singkong,0.00,0.00
Snack & Es Krim,Puding & Jelly,,0.00,0.00
Snack & Es Krim,Puding & Jelly,Jelly,0.00,0.00
Snack & Es Krim,Puding & Jelly,Nata De Coco,0.00,0.00
Snack & Es Krim,Puding & Jelly,Puding,0.00,0.00
Snack & Es Krim,Snack Lainnya,,0.00,0.00
Snack & Es Krim,Snack Lainnya,Makanan Ringan Lainnya,0.00,0.00
Snack & Es Krim,Snack Lainnya,Popcorn,0.00,0.00
Perlengkapan Kebersihan,,,0.00,0.00
Perlengkapan Kebersihan,Alat Kebersihan,,0.00,0.00
Perlengkapan Kebersihan,Alat Kebersihan,Kain Lap,0.00,0.00
Perlengkapan Kebersihan,Alat Kebersihan,Kain Pel,0.00,0.00
Perlengkapan Kebersihan,Alat Kebersihan,Pembersih Debu,0.00,0.00
Perlengkapan Kebersihan,Alat Kebersihan,Sapu,0.00,0.00
Perlengkapan Kebersihan,Alat Kebersihan,Sikat,0.00,0.00
Perlengkapan Kebersihan,Alat Kebersihan,Spons Cuci Piring,0.00,0.00
Perlengkapan Kebersihan,Alat Kebersihan,Tempat Sampah,0.00,0.00
Perlengkapan Kebersihan,Detergent & Pemutih,,0.00,0.00
Perlengkapan Kebersihan,Detergent & Pemutih,Detergent Bubuk,0.00,0.00
Perlengkapan Kebersihan,Detergent & Pemutih,Detergent Cair,0.00,0.00
Perlengkapan Kebersihan,Detergent & Pemutih,Pelicin Setrika,0.00,0.00
Perlengkapan Kebersihan,Detergent & Pemutih,"Pewangi & Pelembut, Pemutih",0.00,0.00
Perlengkapan Kebersihan,Disinfektan,,0.00,0.00
Perlengkapan Kebersihan,Disinfektan,Disinfektan Spray,0.00,0.00
Perlengkapan Kebersihan,Disinfektan,Liquid Disinfektan,0.00,0.00
Perlengkapan Kebersihan,Kantong Sampah,,0.00,0.00
Perlengkapan Kebersihan,Kantong Sampah,Plastik Sampah,0.00,0.00
Perlengkapan Kebersihan,Karbol,,0.00,0.00
Perlengkapan Kebersihan,Karbol,Pembersih Kaca,0.00,0.00
Perlengkapan Kebersihan,Karbol,Pembersih Kamar Mandi,0.00,0.00
Perlengkapan Kebersihan,Karbol,Pembersih Lantai,0.00,0.00
Perlengkapan Kebersihan,Karbol,Pembersih Serba Guna,0.00,0.00
Perlengkapan Kebersihan,Obat Serangga,,0.00,0.00
Perlengkapan Kebersihan,Obat Serangga,Insect Repellent,0.00,0.00
Perlengkapan Kebersihan,Obat Serangga,Insect Spray,0.00,0.00
Perlengkapan Kebersihan,Pengharum Ruang,,0.00,0.00
Perlengkapan Kebersihan,Pengharum Ruang,Kapur Barus,0.00,0.00
Perlengkapan Kebersihan,Pengharum Ruang,Pengharum Ruangan,0.00,0.00
Perlengkapan Kebersihan,Sabun Cuci Piring,,0.00,0.00
Perlengkapan Kebersihan,Sabun Cuci Piring,Sabun Cuci Piring Cair,0.00,0.00
Perlengkapan Kebersihan,Sabun Cuci Piring,Sabun Cuci Piring Krim,0.00,0.00
Perlengkapan Kebersihan,Tissue,,0.00,0.00
Perlengkapan Kebersihan,Tissue,Facial Tissue,0.00,0.00
Perlengkapan Kebersihan,Tissue,Tissue Basah,0.00,0.00
Perlengkapan Kebersihan,Tissue,Tissue Dapur,0.00,0.00
Perlengkapan Kebersihan,Tissue,Tissue Roll,0.00,0.00
Daging & Seafood,,,0.00,0.00
Daging & Seafood,Daging Ayam,,0.00,0.00
Daging & Seafood,Daging Ayam,Ayam Boneless,0.00,0.00
Daging & Seafood,Daging Ayam,Ayam Cincang,0.00,0.00
Daging & Seafood,Daging Ayam,Ayam Utuh dan Tulang,0.00,0.00
Daging & Seafood,Daging Ayam,Bagian Lainnya,0.00,0.00
Daging & Seafood,Daging Ayam,Daging Ayam Clearance,0.00,0.00
Daging & Seafood,Daging Babi,,0.00,0.00
Daging & Seafood,Daging Kambing,,0.00,0.00
Daging & Seafood,Daging Kambing,Daging Kambing Lainnya,0.00,0.00
Daging & Seafood,Daging Kambing,Daging Kambing Muda,0.00,0.00
Daging & Seafood,Daging Kambing,Daging Kambing Tanpa Tulang,0.00,0.00
Daging & Seafood,Daging Olahan,,0.00,0.00
Daging & Seafood,Daging Sapi,,0.00,0.00
Daging & Seafood,Daging Sapi,Bagian Sapi Lainnya,0.00,0.00
Daging & Seafood,Daging Sapi,Daging Giling,0.00,0.00
Daging & Seafood,Daging Sapi,Daging Iga,0.00,0.00
Daging & Seafood,Daging Sapi,Daging Sapi Slice,0.00,0.00
Daging & Seafood,Daging Sapi,Daging Steak,0.00,0.00
Daging & Seafood,Daging Sapi,Lidah,0.00,0.00
Daging & Seafood,Ikan,,0.00,0.00
Daging & Seafood,Ikan,Ikan Bandeng,0.00,0.00
Daging & Seafood,Ikan,Ikan Clearance,0.00,0.00
Daging & Seafood,Ikan,Ikan Dori,0.00,0.00
Daging & Seafood,Ikan,Ikan Kakap,0.00,0.00
Daging & Seafood,Ikan,Ikan Lainnya,0.00,0.00
Daging & Seafood,Ikan,Ikan Lele,0.00,0.00
Daging & Seafood,Ikan,Ikan Salmon,0.00,0.00
Daging & Seafood,Ikan,Ikan Tuna,0.00,0.00
Daging & Seafood,Makanan Laut,,0.00,0.00
Daging & Seafood,Makanan Laut,Cumi,0.00,0.00
Daging & Seafood,Makanan Laut,Kerang,0.00,0.00
Daging & Seafood,Makanan Laut,Udang,0.00,0.00
Perawatan Tubuh,& Kecantikan,,0.00,0.00
Perawatan Tubuh,& Kecantikan,Kebutuhan Mandi,0.00,0.00
Perawatan Tubuh,& Kecantikan,Kebutuhan Mandi Sabun Mandi Batang,0.00,0.00
Perawatan Tubuh,& Kecantikan,Kebutuhan Mandi Sabun Mandi Cair,0.00,0.00
Perawatan Tubuh,& Kecantikan,Kebutuhan Mandi Spons & Cotton Bud,0.00,0.00
Perawatan Tubuh,& Kecantikan,Kesehatan Gigi & Mulut,0.00,0.00
Perawatan Tubuh,& Kecantikan,Kesehatan Gigi & Mulut Benang & Tusuk Gigi,0.00,0.00
Perawatan Tubuh,& Kecantikan,Kesehatan Gigi & Mulut Obat Kumur,0.00,0.00
Perawatan Tubuh,& Kecantikan,Kesehatan Gigi & Mulut Pasta Gigi,0.00,0.00
Perawatan Tubuh,& Kecantikan,Kesehatan Gigi & Mulut Sikat Gigi,0.00,0.00
Perawatan Tubuh,& Kecantikan,Make Up Wajah,0.00,0.00
Perawatan Tubuh,& Kecantikan,Make Up Wajah BB & CC Cream,0.00,0.00
Perawatan Tubuh,& Kecantikan,Make Up Wajah Bedak Wajah,0.00,0.00
Perawatan Tubuh,& Kecantikan,Make Up Wajah Blush On,0.00,0.00
Perawatan Tubuh,& Kecantikan,Make Up Wajah Concealer,0.00,0.00
Perawatan Tubuh,& Kecantikan,Make Up Wajah Eyebrow & Eye Liner,0.00,0.00
Perawatan Tubuh,& Kecantikan,Make Up Wajah Lip Stain & Lip Tint,0.00,0.00
Perawatan Tubuh,& Kecantikan,Make Up Wajah Lipstik,0.00,0.00
Perawatan Tubuh,& Kecantikan,Make Up Wajah Make Up Remover,0.00,0.00
Perawatan Tubuh,& Kecantikan,Make Up Wajah Mascara,0.00,0.00
Perawatan Tubuh,& Kecantikan,Make Up Wajah Micellar Water,0.00,0.00
Perawatan Tubuh,& Kecantikan,Paket Hampers,0.00,0.00
Perawatan Tubuh,& Kecantikan,Paket Hampers Paket Hampers,0.00,0.00
Perawatan Tubuh,& Kecantikan,Parfum & Cologne,0.00,0.00
Perawatan Tubuh,& Kecantikan,Parfum & Cologne Parfum dan Cologne Pria,0.00,0.00
Perawatan Tubuh,& Kecantikan,Parfum & Cologne Parfum dan Cologne Wanita,0.00,0.00
Perawatan Tubuh,& Kecantikan,Perawatan Kulit,0.00,0.00
Perawatan Tubuh,& Kecantikan,Perawatan Kulit Bedak Badan,0.00,0.00
Perawatan Tubuh,& Kecantikan,Perawatan Kulit Body Lotion,0.00,0.00
Perawatan Tubuh,& Kecantikan,Perawatan Kulit Deodorant,0.00,0.00
Perawatan Tubuh,& Kecantikan,Perawatan Kulit Pemutih Kulit,0.00,0.00
Perawatan Tubuh,& Kecantikan,Perawatan Pria,0.00,0.00
Perawatan Tubuh,& Kecantikan,Perawatan Pria Gel dan Pomade,0.00,0.00
Perawatan Tubuh,& Kecantikan,Perawatan Pria Perawatan Sepatu,0.00,0.00
Perawatan Tubuh,& Kecantikan,Perawatan Pria Pisau Cukur Pria,0.00,0.00
Perawatan Tubuh,& Kecantikan,Perawatan Pria Shaving Gel,0.00,0.00
Perawatan Tubuh,& Kecantikan,Perawatan Rambut,0.00,0.00
Perawatan Tubuh,& Kecantikan,Perawatan Rambut Hair Coloring,0.00,0.00
Perawatan Tubuh,& Kecantikan,Perawatan Rambut Hair Conditioner,0.00,0.00
Perawatan Tubuh,& Kecantikan,Perawatan Rambut Hair Mask,0.00,0.00
Perawatan Tubuh,& Kecantikan,Perawatan Rambut Hair Oil & Serum,0.00,0.00
Perawatan Tubuh,& Kecantikan,Perawatan Rambut Shampoo,0.00,0.00
Perawatan Tubuh,& Kecantikan,Perawatan Rambut Sisir Rambut,0.00,0.00
Perawatan Tubuh,& Kecantikan,Perawatan Tangan & Kaki,0.00,0.00
Perawatan Tubuh,& Kecantikan,Perawatan Tangan & Kaki Gunting Kuku,0.00,0.00
Perawatan Tubuh,& Kecantikan,Perawatan Tangan & Kaki Hand Sanitizer,0.00,0.00
Perawatan Tubuh,& Kecantikan,Perawatan Tangan & Kaki Sabun Cuci Tangan,0.00,0.00
Perawatan Tubuh,& Kecantikan,Perawatan Wajah,0.00,0.00
Perawatan Tubuh,& Kecantikan,Perawatan Wajah Cleanser Wajah,0.00,0.00
Perawatan Tubuh,& Kecantikan,Perawatan Wajah Kapas Wajah,0.00,0.00
Perawatan Tubuh,& Kecantikan,Perawatan Wajah Kertas Minyak,0.00,0.00
Perawatan Tubuh,& Kecantikan,Perawatan Wajah Krim Wajah,0.00,0.00
Perawatan Tubuh,& Kecantikan,Perawatan Wajah Masker Wajah,0.00,0.00
Perawatan Tubuh,& Kecantikan,Perawatan Wajah Serum Wajah,0.00,0.00
Perawatan Tubuh,& Kecantikan,Perawatan Wajah Sunblock Wajah,0.00,0.00
Perawatan Tubuh,& Kecantikan,Perawatan Wajah Toner Wajah,0.00,0.00
Perawatan Tubuh,& Kecantikan,Produk Kewanitaan,0.00,0.00
Perawatan Tubuh,& Kecantikan,Produk Kewanitaan Menstrual Care,0.00,0.00
Perawatan Tubuh,& Kecantikan,Produk Kewanitaan Pantyliner,0.00,0.00
Perawatan Tubuh,& Kecantikan,Produk Kewanitaan Pembalut Celana,0.00,0.00
Perawatan Tubuh,& Kecantikan,Produk Kewanitaan Pembalut Non Wing,0.00,0.00
Perawatan Tubuh,& Kecantikan,Produk Kewanitaan Pembalut Wing,0.00,0.00
Perawatan Tubuh,& Kecantikan,Produk Kewanitaan Pisau Cukur Wanita,0.00,0.00
Perawatan Tubuh,& Kecantikan,Produk Kewanitaan Sabun Kewanitaan,0.00,0.00
Telur & Olahan Susu,,,0.00,0.00
Telur & Olahan Susu,Butter & Mentega,,0.00,0.00
Telur & Olahan Susu,Butter & Mentega,Butter,0.00,0.00
Telur & Olahan Susu,Butter & Mentega,Mentega,0.00,0.00
Telur & Olahan Susu,Keju,,0.00,0.00
Telur & Olahan Susu,Keju,Keju Bubuk,0.00,0.00
Telur & Olahan Susu,Keju,Keju Cheddar,0.00,0.00
Telur & Olahan Susu,Keju,Keju Edam,0.00,0.00
Telur & Olahan Susu,Keju,Keju Gouda,0.00,0.00
Telur & Olahan Susu,Keju,Keju Mozarella,0.00,0.00
Telur & Olahan Susu,Keju,Keju Oles,0.00,0.00
Telur & Olahan Susu,Keju,Keju Parmesan,0.00,0.00
Telur & Olahan Susu,Krim & Yoghurt,,0.00,0.00
Telur & Olahan Susu,Krim & Yoghurt,Minuman Probiotik,0.00,0.00
Telur & Olahan Susu,Krim & Yoghurt,Minuman Yogurt,0.00,0.00
Telur & Olahan Susu,Krim & Yoghurt,Whip Cream,0.00,0.00
Telur & Olahan Susu,Krim & Yoghurt,Yogurt,0.00,0.00
Telur & Olahan Susu,Susu,,0.00,0.00
Telur & Olahan Susu,Susu,Kental Manis,0.00,0.00
Telur & Olahan Susu,Susu,Susu Bubuk,0.00,0.00
Telur & Olahan Susu,Susu,Susu Kemasan,0.00,0.00
Telur & Olahan Susu,Susu,Susu Kesehatan,0.00,0.00
Telur & Olahan Susu,Susu,Susu Non-Dairy,0.00,0.00
Telur & Olahan Susu,Susu,Susu Segar,0.00,0.00
Telur & Olahan Susu,Susu,Susu UHT,0.00,0.00
Telur & Olahan Susu,Telur,,0.00,0.00
Telur & Olahan Susu,Telur,Telur Ayam,0.00,0.00
Telur & Olahan Susu,Telur,Telur Bebek,0.00,0.00
Telur & Olahan Susu,Telur,Telur Ikan,0.00,0.00
Telur & Olahan Susu,Telur,Telur Puyuh,0.00,0.00
"Mie, Pasta & Bihun",,,0.00,0.00
"Mie, Pasta & Bihun",Bihun & Soun,,0.00,0.00
"Mie, Pasta & Bihun",Bihun & Soun,Bihun,0.00,0.00
"Mie, Pasta & Bihun",Bihun & Soun,Soun,0.00,0.00
"Mie, Pasta & Bihun",Mie,,0.00,0.00
"Mie, Pasta & Bihun",Mie,Kwetiau,0.00,0.00
"Mie, Pasta & Bihun",Mie,Mie Instant,0.00,0.00
"Mie, Pasta & Bihun",Mie,Mie Instant Import,0.00,0.00
"Mie, Pasta & Bihun",Mie,Mie Shirataki,0.00,0.00
"Mie, Pasta & Bihun",Mie,Mie Siap Masak,0.00,0.00
"Mie, Pasta & Bihun",Mie,Mie Telur,0.00,0.00
"Mie, Pasta & Bihun",Pasta,,0.00,0.00
"Mie, Pasta & Bihun",Pasta,Farfalle,0.00,0.00
"Mie, Pasta & Bihun",Pasta,Fettucine,0.00,0.00
"Mie, Pasta & Bihun",Pasta,Fusilli,0.00,0.00
"Mie, Pasta & Bihun",Pasta,Lasagna,0.00,0.00
"Mie, Pasta & Bihun",Pasta,Macaroni,0.00,0.00
"Mie, Pasta & Bihun",Pasta,Pasta Lainnya,0.00,0.00
"Mie, Pasta & Bihun",Pasta,Spaghetti,0.00,0.00
Ibu & Bayi,,,7.14,7.14
Ibu & Bayi,Makanan Bayi,,5.75,5.75
Ibu & Bayi,Makanan Bayi,Biskuit Bayi,0.00,0.00
Ibu & Bayi,Makanan Bayi,Bubur Bayi,0.00,0.00
Ibu & Bayi,Makanan Bayi,Pasta Bayi,0.00,0.00
Ibu & Bayi,Nutrisi Ibu Hamil,,0.00,0.00
Ibu & Bayi,Nutrisi Ibu Hamil,ASI Booster,0.00,0.00
Ibu & Bayi,Nutrisi Ibu Hamil,Susu Ibu Hamil,0.00,0.00
Ibu & Bayi,Perawatan Bayi,,7.89,7.89
Ibu & Bayi,Perawatan Bayi,Perawatan Kulit Bayi,0.00,0.00
Ibu & Bayi,Perawatan Bayi,Sabun Bayi,0.00,0.00
Ibu & Bayi,Perawatan Bayi,Shampoo Bayi,0.00,0.00
Ibu & Bayi,Perawatan Bayi,Sikat & Pasta Gigi Bayi,0.00,0.00
Ibu & Bayi,Perawatan Bayi,Tissue & Kapas Bayi,0.00,0.00
Ibu & Bayi,Perlengkapan Bayi,,0.00,0.00
Ibu & Bayi,Perlengkapan Bayi,Botol & Aksesoris,0.00,0.00
Ibu & Bayi,Perlengkapan Bayi,Detergent Bayi,0.00,0.00
Ibu & Bayi,Popok,,7.50,7.50
Ibu & Bayi,Popok,Popok Bayi,0.00,0.00
Ibu & Bayi,Popok,Popok Dewasa,0.00,0.00
Ibu & Bayi,Susu Formula,,0.00,0.00
Ibu & Bayi,Susu Formula,Susu Formula,0.00,0.00
Ibu & Bayi,Susu Formula,Susu Lansia,0.00,0.00
Perlindungan Tubuh,,,0.00,0.00
Perlindungan Tubuh,Kesehatan & Medis,,0.00,0.00
Perlindungan Tubuh,Kesehatan & Medis,Alat Tes Kehamilan,0.00,0.00
Perlindungan Tubuh,Kesehatan & Medis,Alat Tes Level Glukosa,0.00,0.00
Perlindungan Tubuh,Kesehatan & Medis,Alat Tes Tensi Darah,0.00,0.00
Perlindungan Tubuh,Kesehatan & Medis,Face Shield,0.00,0.00
Perlindungan Tubuh,Kesehatan & Medis,Masker,0.00,0.00
Perlindungan Tubuh,Kesehatan & Medis,Perlengkapan P3K,0.00,0.00
Perlindungan Tubuh,Kesehatan & Medis,Thermometer,0.00,0.00
Perlindungan Tubuh,Minyak Pijat dan Esensial,,0.00,0.00
Perlindungan Tubuh,Minyak Pijat dan Esensial,Balsem,0.00,0.00
Perlindungan Tubuh,Minyak Pijat dan Esensial,Essential Oils,0.00,0.00
Perlindungan Tubuh,Minyak Pijat dan Esensial,Minyak Angin,0.00,0.00
Perlindungan Tubuh,Obat,,0.00,0.00
Perlindungan Tubuh,Obat,Koyo,0.00,0.00
Perlindungan Tubuh,Obat,Obat Generik,0.00,0.00
Perlindungan Tubuh,Obat,Obat Herbal,0.00,0.00
Perlindungan Tubuh,Vitamin & Suplemen,,0.00,0.00
Perlindungan Tubuh,Vitamin & Suplemen,"Calcium, Omega, Suplemen Fitnes",0.00,0.00
Perlindungan Tubuh,Vitamin & Suplemen,Minyak Ikan,0.00,0.00
Perlindungan Tubuh,Vitamin & Suplemen,"Vitamin A, B, C, D, E, K",0.00,0.00
Perlindungan Tubuh,Vitamin & Suplemen,Vitamin Bayi & Anak,0.00,0.00
Perlindungan Tubuh,Vitamin & Suplemen,Vitamin Ibu Hamil,0.00,0.00
Rumah Tangga,,,7.95,7.95
Rumah Tangga,Alat Tulis,,0.00,0.00
Rumah Tangga,Alat Tulis,Amplop,0.00,0.00
Rumah Tangga,Alat Tulis,Correction Tip Ex,0.00,0.00
Rumah Tangga,Alat Tulis,Cutter,0.00,0.00
Rumah Tangga,Alat Tulis,Gunting,0.00,0.00
Rumah Tangga,Alat Tulis,Highlighter,0.00,0.00
Rumah Tangga,Alat Tulis,Kertas HVS,0.00,0.00
Rumah Tangga,Alat Tulis,Lakban & Selotip,0.00,0.00
Rumah Tangga,Alat Tulis,Lem,0.00,0.00
Rumah Tangga,Alat Tulis,Meteran,0.00,0.00
Rumah Tangga,Alat Tulis,Pen,0.00,0.00
Rumah Tangga,Alat Tulis,Penggaris,0.00,0.00
Rumah Tangga,Alat Tulis,Pensil,0.00,0.00
Rumah Tangga,Alat Tulis,Pensil Warna & Crayon,0.00,0.00
Rumah Tangga,Alat Tulis,Spidol,0.00,0.00
Rumah Tangga,Alat Tulis,Stapler,0.00,0.00
Rumah Tangga,Baterai,,0.00,0.00
Rumah Tangga,Baterai,Baterai,0.00,0.00
Rumah Tangga,Kebutuhan Hewan,,0.00,0.00
Rumah Tangga,Kebutuhan Hewan,Alas Kandang Hewan,0.00,0.00
Rumah Tangga,Kebutuhan Hewan,Makanan Ikan,0.00,0.00
Rumah Tangga,Kebutuhan Hewan,Makanan Kucing,0.00,0.00
Rumah Tangga,Kebutuhan Hewan,Snack Anjing,0.00,0.00
Rumah Tangga,Otomotif,,0.00,0.00
Rumah Tangga,Otomotif,Perawatan Kendaraan,0.00,0.00
Rumah Tangga,Packaging & Plastik,,0.00,0.00
Rumah Tangga,Packaging & Plastik,Aluminium Foil,0.00,0.00
Rumah Tangga,Packaging & Plastik,Bubble Wrap & Kardus,0.00,0.00
Rumah Tangga,Packaging & Plastik,Kantong Plastik,0.00,0.00
Rumah Tangga,Packaging & Plastik,Kemasan Makanan,0.00,0.00
Rumah Tangga,Packaging & Plastik,Plastik Wrapping,0.00,0.00
Rumah Tangga,Packaging & Plastik,Sarung Tangan Plastik,0.00,0.00
Rumah Tangga,Peralatan Baking,,0.00,0.00
Rumah Tangga,Peralatan Baking,Baking Paper,0.00,0.00
Rumah Tangga,Peralatan Makan,,0.00,0.00
Rumah Tangga,Peralatan Makan,Peralatan Makan,0.00,0.00
Rumah Tangga,Peralatan Masak,,0.00,0.00
Rumah Tangga,Peralatan Masak,Gas Elpiji,0.00,0.00
Rumah Tangga,Peralatan Masak,Korek Api,0.00,0.00
Rumah Tangga,Peralatan Masak,Pisau Dapur,0.00,0.00
Rumah Tangga,Peralatan Masak,Sarung Tangan,0.00,0.00
Rumah Tangga,Perlengkapan Pesta,,0.00,0.00
Rumah Tangga,Perlengkapan Pesta,Kebutuhan Pesta,0.00,0.00
Rumah Tangga,Taman,& Pertukangan,0.00,0.00
Rumah Tangga,Taman,& Pertukangan Pertukangan,0.00,0.00
Rumah Tangga,Taman,& Pertukangan Tanaman,0.00,0.00
Rumah Tangga,Tempat Sampah,,0.00,0.00
Makanan Beku & Olahan,,,0.00,0.00
Makanan Beku & Olahan,Makanan Kaleng,,0.00,0.00
Makanan Beku & Olahan,Makanan Kaleng,Buah Kaleng,0.00,0.00
Makanan Beku & Olahan,Makanan Kaleng,Daging Kaleng,0.00,0.00
Makanan Beku & Olahan,Makanan Kaleng,Ikan Kaleng,0.00,0.00
Makanan Beku & Olahan,Makanan Kaleng,Jamur Kaleng,0.00,0.00
Makanan Beku & Olahan,Makanan Kaleng,Kornet,0.00,0.00
Makanan Beku & Olahan,Paket Hampers,,0.00,0.00
Makanan Beku & Olahan,Paket Hampers,Hampers Buah,0.00,0.00
Makanan Beku & Olahan,Paket Hampers,Hampers Kue Kering,0.00,0.00
Makanan Beku & Olahan,Paket Hampers,Hampers Makanan,0.00,0.00
Makanan Beku & Olahan,Paket Hampers,Hampers Snack,0.00,0.00
Makanan Beku & Olahan,Paket Hampers,Paket Sembako,0.00,0.00
Makanan Beku & Olahan,Ready to Heat (Siap Saji),,0.00,0.00
Makanan Beku & Olahan,Ready to Heat (Siap Saji),Ready to Heat (Siap Saji),0.00,0.00
Makanan Beku & Olahan,Siap Makan,,0.00,0.00
Makanan Beku & Olahan,Siap Makan,Abon,0.00,0.00
Makanan Beku & Olahan,Siap Makan,Ready to Eat (Siap Makan),0.00,0.00
Makanan Beku & Olahan,Siap Masak,,0.00,0.00
Makanan Beku & Olahan,Siap Masak,Baso,0.00,0.00
Makanan Beku & Olahan,Siap Masak,Daging Olahan Lainnya,0.00,0.00
Makanan Beku & Olahan,Siap Masak,Ham,0.00,0.00
Makanan Beku & Olahan,Siap Masak,Nuggets,0.00,0.00
Makanan Beku & Olahan,Siap Masak,Ready to Cook (Siap Masak),0.00,0.00
Makanan Beku & Olahan,Siap Masak,Sosis,0.00,0.00
Makanan Sarapan,,,0.00,0.00
Makanan Sarapan,Meses & Selai,,0.00,0.00
Makanan Sarapan,Meses & Selai,Meses,0.00,0.00
Makanan Sarapan,Meses & Selai,Selai Cokelat,0.00,0.00
Makanan Sarapan,Meses & Selai,Selai Kacang,0.00,0.00
Makanan Sarapan,Meses & Selai,Selai Nanas,0.00,0.00
Makanan Sarapan,Meses & Selai,Selai Srikaya,0.00,0.00
Makanan Sarapan,Meses & Selai,Selai Strawberry,0.00,0.00
Makanan Sarapan,Meses & Selai,Sirup Maple,0.00,0.00
Makanan Sarapan,Roti,,0.00,0.00
Makanan Sarapan,Roti,Roti Clearance,0.00,0.00
Makanan Sarapan,Roti,Roti Manis,0.00,0.00
Makanan Sarapan,Roti,Roti Tawar,0.00,0.00
Makanan Sarapan,"Sereal, Granola & Muesli",,0.00,0.00
Makanan Sarapan,"Sereal, Granola & Muesli",Granola,0.00,0.00
Makanan Sarapan,"Sereal, Granola & Muesli",Muesli,0.00,0.00
Makanan Sarapan,"Sereal, Granola & Muesli",Oat,0.00,0.00
Makanan Sarapan,"Sereal, Granola & Muesli",Sereal Gandum,0.00,0.00
Makanan Sarapan,"Sereal, Granola & Muesli",Sereal Kemasan,0.00,0.00
Minuman,,,0.00,0.00
Minuman,Air Mineral,,0.00,0.00
Minuman,Air Mineral,Air Mineral Botol,0.00,0.00
Minuman,Es Batu,,0.00,0.00
Minuman,Es Batu,Es Batu,0.00,0.00
Minuman,"Kopi, Teh, dan Cokelat",,0.00,0.00
Minuman,"Kopi, Teh, dan Cokelat",Biji Kopi,0.00,0.00
Minuman,"Kopi, Teh, dan Cokelat",Cokelat Bubuk,0.00,0.00
Minuman,"Kopi, Teh, dan Cokelat",Kopi Bubuk,0.00,0.00
Minuman,"Kopi, Teh, dan Cokelat",Kopi Literan,0.00,0.00
Minuman,"Kopi, Teh, dan Cokelat",Krimer,0.00,0.00
Minuman,"Kopi, Teh, dan Cokelat",Teh Bubuk,0.00,0.00
Minuman,"Kopi, Teh, dan Cokelat",Teh Celup,0.00,0.00
Minuman,"Kopi, Teh, dan Cokelat",Teh Seduh,0.00,0.00
Minuman,Madu,,0.00,0.00
Minuman,Madu,Madu Botol,0.00,0.00
Minuman,Madu,Madu Sachet,0.00,0.00
Minuman,Madu,Sarang Madu,0.00,0.00
Minuman,Minuman Kemasan,,0.00,0.00
Minuman,Minuman Kemasan,Jus Kemasan,0.00,0.00
Minuman,Minuman Kemasan,Kopi Kemasan,0.00,0.00
Minuman,Minuman Kemasan,Minuman Kemasan Lainnya,0.00,0.00
Minuman,Minuman Kemasan,Sari Jus,0.00,0.00
Minuman,Minuman Kemasan,Teh Kemasan,0.00,0.00
Minuman,Minuman Tradisional,,0.00,0.00
Minuman,Minuman Tradisional,Temulawak,0.00,0.00
Minuman,Sirup,,0.00,0.00
Minuman,Sirup,Sirup,0.00,0.00
Minuman,Soda,,0.00,0.00
Minuman,Soda,Soda Botol,0.00,0.00
Minuman,Soda,Soda Kaleng,0.00,0.00
Minuman,Susu Ibu dan ASI Booster,,0.00,0.00
Minuman,Susu Ibu dan ASI Booster,Susu Ibu dan ASI Booster,0.00,0.00
Beras & Makanan Kering,,,0.00,0.00
Beras & Makanan Kering,Beras,,0.00,0.00
Beras & Makanan Kering,Beras,Beras Cokelat,0.00,0.00
Beras & Makanan Kering,Beras,Beras Hitam,0.00,0.00
Beras & Makanan Kering,Beras,Beras Jagung,0.00,0.00
Beras & Makanan Kering,Beras,Beras Ketan,0.00,0.00
Beras & Makanan Kering,Beras,Beras Lainnya,0.00,0.00
Beras & Makanan Kering,Beras,Beras Merah,0.00,0.00
Beras & Makanan Kering,Beras,Beras Putih,0.00,0.00
Beras & Makanan Kering,Beras,Beras Shirataki,0.00,0.00
Beras & Makanan Kering,Biji-bijian,,0.00,0.00
Beras & Makanan Kering,Biji-bijian,Almond,0.00,0.00
Beras & Makanan Kering,Biji-bijian,Biji Chia,0.00,0.00
Beras & Makanan Kering,Biji-bijian,Biji Jagung,0.00,0.00
Beras & Makanan Kering,Biji-bijian,Biji Selasih,0.00,0.00
Beras & Makanan Kering,Biji-bijian,Biji-Bijian Clearance,0.00,0.00
Beras & Makanan Kering,Biji-bijian,Kacang Hijau,0.00,0.00
Beras & Makanan Kering,Biji-bijian,Kacang Mede,0.00,0.00
Beras & Makanan Kering,Biji-bijian,Kacang Merah,0.00,0.00
Beras & Makanan Kering,Biji-bijian,Kacang Tanah,0.00,0.00
Beras & Makanan Kering,Biji-bijian,Kuaci,0.00,0.00
Beras & Makanan Kering,Biji-bijian,Wijen,0.00,0.00
Beras & Makanan Kering,Daging Kering & Asin,,0.00,0.00
Beras & Makanan Kering,Daging Kering & Asin,Daging Kering Lainnya,0.00,0.00
Beras & Makanan Kering,Daging Kering & Asin,Ebi Kering,0.00,0.00
Beras & Makanan Kering,Daging Kering & Asin,Ikan Asap,0.00,0.00
Beras & Makanan Kering,Daging Kering & Asin,Ikan Kering,0.00,0.00
Beras & Makanan Kering,Daging Kering & Asin,Udang Kering,0.00,0.00
Beras & Makanan Kering,Kerupuk & Keripik,,0.00,0.00
Beras & Makanan Kering,Kerupuk & Keripik,Kerupuk,0.00,0.00
Gadget & Elektronik,,,0.00,0.00
Gadget & Elektronik,Elektronik Dapur,,0.00,0.00
Gadget & Elektronik,Elektronik Kantor,,0.00,0.00
Gadget & Elektronik,Elektronik Kantor,Earphone,0.00,0.00
Gadget & Elektronik,Elektronik Rumah Tangga,,0.00,0.00
Gadget & Elektronik,Elektronik Rumah Tangga,Pendingin Ruangan,0.00,0.00
Gadget & Elektronik,Elektronik Rumah Tangga,Stop Kontak,0.00,0.00
Gadget & Elektronik,Kabel & Konektor,,0.00,0.00
Gadget & Elektronik,Kabel & Konektor,Car Charger,0.00,0.00
Gadget & Elektronik,Kabel & Konektor,Kabel & Charger,0.00,0.00
Gadget & Elektronik,Kabel Data,,0.00,0.00
Gadget & Elektronik,Kabel Data,Kabel Data,0.00,0.00
Gadget & Elektronik,Lampu,,0.00,0.00
Gadget & Elektronik,Lampu,Lampu,0.00,0.00
Gadget & Elektronik,Memory Card,,0.00,0.00
Gadget & Elektronik,Power Bank,,0.00,0.00
Gadget & Elektronik,Power Bank,Power Bank,0.00,0.00
Gadget & Elektronik,Tool & Kit,,0.00,0.00
Gadget & Elektronik,Tool & Kit,Phone Holder,0.00,0.00
Produk Dewasa,,,0.00,0.00
Produk Dewasa,Kontrasepsi,,0.00,0.00
Produk Dewasa,Kontrasepsi,Alat Kontrasepsi,0.00,0.00
Produk Dewasa,Rokok & Vape,,0.00,0.00
Produk Dewasa,Rokok & Vape,E-Cigarettes,0.00,0.00
Produk Dewasa,Rokok & Vape,Rokok Organik,0.00,0.00
